sample_id,method,solution_rank,phase_rank,predicted_formula,predicted_space_group_symbol,predicted_space_group_number,predicted_database,predicted_database_id,predicted_weight_fraction,confidence_or_score,runtime_seconds,status_or_note,predicted_cif_path
XRDV3_0046,CrystalShift + CrystalTree with COD front-end,1,1,AgCl,F m -3 m,225,COD,9008597,,0.6772429733645953,40.81284284591675,identification_ok; activation=1.0 is not physical QPA; model_probability_is_uncalibrated,fig4/benchmark/results/atomly_core_v3/crystaltree_cod_frontend_v2/selected_cifs/XRDV3_0046/solution1_phase1_COD_9008597.cif
XRDV3_0054,CrystalShift + CrystalTree with COD front-end,1,1,SiC,F -4 3 m,216,COD,1011031,,0.09546264559329105,26.829246044158936,identification_ok; activation=0.9723311456080794 is not physical QPA; model_probability_is_uncalibrated,fig4/benchmark/results/atomly_core_v3/crystaltree_cod_frontend_v2/selected_cifs/XRDV3_0054/solution1_phase1_COD_1011031.cif
XRDV3_0054,CrystalShift + CrystalTree with COD front-end,1,2,WC,P -6 m 2,187,COD,2102244,,0.09546264559329105,26.829246044158936,identification_ok; activation=0.027668854391920534 is not physical QPA; model_probability_is_uncalibrated,fig4/benchmark/results/atomly_core_v3/crystaltree_cod_frontend_v2/selected_cifs/XRDV3_0054/solution1_phase2_COD_2102244.cif
XRDV3_0100,CrystalShift + CrystalTree with COD front-end,1,1,C13O11,C 1 2 1,5,COD,2100086,,0.006171281406113317,366.0688850879669,identification_ok; activation=0.9999946691883258 is not physical QPA; model_probability_is_uncalibrated,fig4/benchmark/results/atomly_core_v3/crystaltree_cod_frontend_v2/selected_cifs/XRDV3_0100/solution1_phase1_COD_2100086.cif
XRDV3_0100,CrystalShift + CrystalTree with COD front-end,1,2,MgCO3,R -3 c :H,167,COD,9000971,,0.006171281406113317,366.0688850879669,identification_ok; activation=3.930693150281484e-6 is not physical QPA; model_probability_is_uncalibrated,fig4/benchmark/results/atomly_core_v3/crystaltree_cod_frontend_v2/selected_cifs/XRDV3_0100/solution1_phase2_COD_9000971.cif
XRDV3_0100,CrystalShift + CrystalTree with COD front-end,1,3,BaCO3,P m c n,62,COD,9010928,,0.006171281406113317,366.0688850879669,identification_ok; activation=1.4001185240168915e-6 is not physical QPA; model_probability_is_uncalibrated,fig4/benchmark/results/atomly_core_v3/crystaltree_cod_frontend_v2/selected_cifs/XRDV3_0100/solution1_phase3_COD_9010928.cif
XRDV3_0001,CrystalShift + CrystalTree with COD front-end,1,1,Li3.44Mn3.2Fe0.732P4O16,P b n m,62,COD,9014354,,0.02606079909357425,1036.6820311546326,identification_ok; activation=0.7426876188335882 is not physical QPA; model_probability_is_uncalibrated,fig4/benchmark/results/atomly_core_v3/crystaltree_cod_frontend_v2/selected_cifs/XRDV3_0001/solution1_phase1_COD_9014354.cif
XRDV3_0001,CrystalShift + CrystalTree with COD front-end,1,2,Fe23.99808O31.99808,F d -3 m :2,227,COD,2300616,,0.02606079909357425,1036.6820311546326,identification_ok; activation=0.2573123811664118 is not physical QPA; model_probability_is_uncalibrated,fig4/benchmark/results/atomly_core_v3/crystaltree_cod_frontend_v2/selected_cifs/XRDV3_0001/solution1_phase2_COD_2300616.cif
XRDV3_0002,CrystalShift + CrystalTree with COD front-end,1,1,Mn2O3,I a -3,206,COD,1514230,,0.09293535088464652,72.28115487098694,identification_ok; activation=0.5418847428694713 is not physical QPA; model_probability_is_uncalibrated,fig4/benchmark/results/atomly_core_v3/crystaltree_cod_frontend_v2/selected_cifs/XRDV3_0002/solution1_phase1_COD_1514230.cif
XRDV3_0002,CrystalShift + CrystalTree with COD front-end,1,2,MnO,F m -3 m,225,COD,1514231,,0.09293535088464652,72.28115487098694,identification_ok; activation=0.45811525713052875 is not physical QPA; model_probability_is_uncalibrated,fig4/benchmark/results/atomly_core_v3/crystaltree_cod_frontend_v2/selected_cifs/XRDV3_0002/solution1_phase2_COD_1514231.cif
XRDV3_0003,CrystalShift + CrystalTree with COD front-end,1,1,MgCO3,R -3 c :H,167,COD,9000971,,0.004447494569562204,509.49820590019226,identification_ok; activation=0.8063539916979313 is not physical QPA; model_probability_is_uncalibrated,fig4/benchmark/results/atomly_core_v3/crystaltree_cod_frontend_v2/selected_cifs/XRDV3_0003/solution1_phase1_COD_9000971.cif
XRDV3_0003,CrystalShift + CrystalTree with COD front-end,1,2,Si,F d -3 m :2,227,COD,4507226,,0.004447494569562204,509.49820590019226,identification_ok; activation=0.19364600830206863 is not physical QPA; model_probability_is_uncalibrated,fig4/benchmark/results/atomly_core_v3/crystaltree_cod_frontend_v2/selected_cifs/XRDV3_0003/solution1_phase2_COD_4507226.cif
XRDV3_0004,CrystalShift + CrystalTree with COD front-end,1,1,CaF2,F m -3 m,225,COD,2300449,,0.21694198223361622,6.419853925704956,identification_ok; activation=1.0 is not physical QPA; model_probability_is_uncalibrated,fig4/benchmark/results/atomly_core_v3/crystaltree_cod_frontend_v2/selected_cifs/XRDV3_0004/solution1_phase1_COD_2300449.cif
XRDV3_0005,CrystalShift + CrystalTree with COD front-end,1,1,NaCl,F m -3 m,225,COD,4300180,,0.20771362951822456,3.8684849739074707,identification_ok; activation=0.9491481693290826 is not physical QPA; model_probability_is_uncalibrated,fig4/benchmark/results/atomly_core_v3/crystaltree_cod_frontend_v2/selected_cifs/XRDV3_0005/solution1_phase1_COD_4300180.cif
XRDV3_0005,CrystalShift + CrystalTree with COD front-end,1,2,CsCl,P m -3 m,221,COD,9008789,,0.20771362951822456,3.8684849739074707,identification_ok; activation=0.05085183067091748 is not physical QPA; model_probability_is_uncalibrated,fig4/benchmark/results/atomly_core_v3/crystaltree_cod_frontend_v2/selected_cifs/XRDV3_0005/solution1_phase2_COD_9008789.cif
XRDV3_0006,CrystalShift + CrystalTree with COD front-end,1,1,Si,F d -3 m :1,227,COD,9013102,,0.23098487243502372,9.996117115020752,identification_ok; activation=1.0 is not physical QPA; model_probability_is_uncalibrated,fig4/benchmark/results/atomly_core_v3/crystaltree_cod_frontend_v2/selected_cifs/XRDV3_0006/solution1_phase1_COD_9013102.cif
XRDV3_0007,CrystalShift + CrystalTree with COD front-end,1,1,Mg7.92Al16.08O32,F d -3 m :2,227,COD,9001370,,0.003945018432510923,56.107062101364136,identification_ok; activation=0.7488627255539232 is not physical QPA; model_probability_is_uncalibrated,fig4/benchmark/results/atomly_core_v3/crystaltree_cod_frontend_v2/selected_cifs/XRDV3_0007/solution1_phase1_COD_9001370.cif
XRDV3_0007,CrystalShift + CrystalTree with COD front-end,1,2,Mg2.84Al15.984Zn5.176O32,F d -3 m :2,227,COD,9005475,,0.003945018432510923,56.107062101364136,identification_ok; activation=0.25113727444607686 is not physical QPA; model_probability_is_uncalibrated,fig4/benchmark/results/atomly_core_v3/crystaltree_cod_frontend_v2/selected_cifs/XRDV3_0007/solution1_phase2_COD_9005475.cif
XRDV3_0008,CrystalShift + CrystalTree with COD front-end,1,1,ZnSe,F -4 3 m,216,COD,9008857,,0.11357834283178513,269.16851806640625,identification_ok; activation=0.5047556600594776 is not physical QPA; model_probability_is_uncalibrated,fig4/benchmark/results/atomly_core_v3/crystaltree_cod_frontend_v2/selected_cifs/XRDV3_0008/solution1_phase1_COD_9008857.cif
XRDV3_0008,CrystalShift + CrystalTree with COD front-end,1,2,ZnS,F -4 3 m,216,COD,1100043,,0.11357834283178513,269.16851806640625,identification_ok; activation=0.49524433994052247 is not physical QPA; model_probability_is_uncalibrated,fig4/benchmark/results/atomly_core_v3/crystaltree_cod_frontend_v2/selected_cifs/XRDV3_0008/solution1_phase2_COD_1100043.cif
XRDV3_0009,CrystalShift + CrystalTree with COD front-end,1,1,Li2.52Co3O6,R -3 m :H,166,COD,1550394,,0.0250507846098452,17.325422048568726,identification_ok; activation=1.0 is not physical QPA; model_probability_is_uncalibrated,fig4/benchmark/results/atomly_core_v3/crystaltree_cod_frontend_v2/selected_cifs/XRDV3_0009/solution1_phase1_COD_1550394.cif
XRDV3_0010,CrystalShift + CrystalTree with COD front-end,1,1,Li4Mn3.732Fe0.248P4O16,P b n m,62,COD,9004881,,0.0022864068936768534,422.5832622051239,identification_ok; activation=0.6194614556387072 is not physical QPA; model_probability_is_uncalibrated,fig4/benchmark/results/atomly_core_v3/crystaltree_cod_frontend_v2/selected_cifs/XRDV3_0010/solution1_phase1_COD_9004881.cif
XRDV3_0010,CrystalShift + CrystalTree with COD front-end,1,2,Li2.992Mn3.2Fe0.78P4O16,P b n m,62,COD,9014292,,0.0022864068936768534,422.5832622051239,identification_ok; activation=0.3805385443612927 is not physical QPA; model_probability_is_uncalibrated,fig4/benchmark/results/atomly_core_v3/crystaltree_cod_frontend_v2/selected_cifs/XRDV3_0010/solution1_phase2_COD_9014292.cif
XRDV3_0011,CrystalShift + CrystalTree with COD front-end,1,1,Si11.7N15.96,P 3 1 c,159,COD,9012057,,0.10023248042513991,3.0644640922546387,identification_ok; activation=0.911383186131314 is not physical QPA; model_probability_is_uncalibrated,fig4/benchmark/results/atomly_core_v3/crystaltree_cod_frontend_v2/selected_cifs/XRDV3_0011/solution1_phase1_COD_9012057.cif
XRDV3_0011,CrystalShift + CrystalTree with COD front-end,1,2,Si,F d -3 m :1,227,COD,9013102,,0.10023248042513991,3.0644640922546387,identification_ok; activation=0.08861681386868604 is not physical QPA; model_probability_is_uncalibrated,fig4/benchmark/results/atomly_core_v3/crystaltree_cod_frontend_v2/selected_cifs/XRDV3_0011/solution1_phase2_COD_9013102.cif
XRDV3_0012,CrystalShift + CrystalTree with COD front-end,1,1,Cu2O,P n -3 m :1,224,COD,1010941,,0.3352216179806532,3.7269599437713623,identification_ok; activation=0.446077537648705 is not physical QPA; model_probability_is_uncalibrated,fig4/benchmark/results/atomly_core_v3/crystaltree_cod_frontend_v2/selected_cifs/XRDV3_0012/solution1_phase1_COD_1010941.cif
XRDV3_0012,CrystalShift + CrystalTree with COD front-end,1,2,Cu,F m -3 m,225,COD,9013014,,0.3352216179806532,3.7269599437713623,identification_ok; activation=0.4071928126980632 is not physical QPA; model_probability_is_uncalibrated,fig4/benchmark/results/atomly_core_v3/crystaltree_cod_frontend_v2/selected_cifs/XRDV3_0012/solution1_phase2_COD_9013014.cif
XRDV3_0012,CrystalShift + CrystalTree with COD front-end,1,3,Cu3Au,P m -3 m,221,COD,5910053,,0.3352216179806532,3.7269599437713623,identification_ok; activation=0.1467296496532317 is not physical QPA; model_probability_is_uncalibrated,fig4/benchmark/results/atomly_core_v3/crystaltree_cod_frontend_v2/selected_cifs/XRDV3_0012/solution1_phase3_COD_5910053.cif
XRDV3_0013,CrystalShift + CrystalTree with COD front-end,1,1,KTaO3,P m -3 m,221,COD,2102087,,0.1154890899318602,123.352224111557,identification_ok; activation=1.0 is not physical QPA; model_probability_is_uncalibrated,fig4/benchmark/results/atomly_core_v3/crystaltree_cod_frontend_v2/selected_cifs/XRDV3_0013/solution1_phase1_COD_2102087.cif
XRDV3_0014,CrystalShift + CrystalTree with COD front-end,1,1,KF,F m -3 m,225,COD,1010978,,0.9996493058809734,4.916469097137451,identification_ok; activation=0.38818470996027604 is not physical QPA; model_probability_is_uncalibrated,fig4/benchmark/results/atomly_core_v3/crystaltree_cod_frontend_v2/selected_cifs/XRDV3_0014/solution1_phase1_COD_1010978.cif
XRDV3_0014,CrystalShift + CrystalTree with COD front-end,1,2,CaF2,F m -3 m,225,COD,2300449,,0.9996493058809734,4.916469097137451,identification_ok; activation=0.34640454794966263 is not physical QPA; model_probability_is_uncalibrated,fig4/benchmark/results/atomly_core_v3/crystaltree_cod_frontend_v2/selected_cifs/XRDV3_0014/solution1_phase2_COD_2300449.cif
XRDV3_0014,CrystalShift + CrystalTree with COD front-end,1,3,NaF,F m -3 m,225,COD,1562978,,0.9996493058809734,4.916469097137451,identification_ok; activation=0.2654107420900613 is not physical QPA; model_probability_is_uncalibrated,fig4/benchmark/results/atomly_core_v3/crystaltree_cod_frontend_v2/selected_cifs/XRDV3_0014/solution1_phase3_COD_1562978.cif
XRDV3_0015,CrystalShift + CrystalTree with COD front-end,1,1,C13O11,C 1 2 1,5,COD,2100086,,0.026213507771815647,662.1572728157043,identification_ok; activation=0.9999967377025915 is not physical QPA; model_probability_is_uncalibrated,fig4/benchmark/results/atomly_core_v3/crystaltree_cod_frontend_v2/selected_cifs/XRDV3_0015/solution1_phase1_COD_2100086.cif
XRDV3_0015,CrystalShift + CrystalTree with COD front-end,1,2,BaSO4,P n m a,62,COD,8107510,,0.026213507771815647,662.1572728157043,identification_ok; activation=2.1715147150400913e-6 is not physical QPA; model_probability_is_uncalibrated,fig4/benchmark/results/atomly_core_v3/crystaltree_cod_frontend_v2/selected_cifs/XRDV3_0015/solution1_phase2_COD_8107510.cif
XRDV3_0015,CrystalShift + CrystalTree with COD front-end,1,3,BaCO3,P m c n,62,COD,9010928,,0.026213507771815647,662.1572728157043,identification_ok; activation=1.0907826934741267e-6 is not physical QPA; model_probability_is_uncalibrated,fig4/benchmark/results/atomly_core_v3/crystaltree_cod_frontend_v2/selected_cifs/XRDV3_0015/solution1_phase3_COD_9010928.cif
XRDV3_0016,CrystalShift + CrystalTree with COD front-end,1,1,K2SO4,P m c n,62,COD,1200012,,0.07208624142495423,197.9260652065277,identification_ok; activation=0.6662918113126314 is not physical QPA; model_probability_is_uncalibrated,fig4/benchmark/results/atomly_core_v3/crystaltree_cod_frontend_v2/selected_cifs/XRDV3_0016/solution1_phase1_COD_1200012.cif
XRDV3_0016,CrystalShift + CrystalTree with COD front-end,1,2,BaSO4,P n m a,62,COD,8107510,,0.07208624142495423,197.9260652065277,identification_ok; activation=0.33370818868736857 is not physical QPA; model_probability_is_uncalibrated,fig4/benchmark/results/atomly_core_v3/crystaltree_cod_frontend_v2/selected_cifs/XRDV3_0016/solution1_phase2_COD_8107510.cif
XRDV3_0017,CrystalShift + CrystalTree with COD front-end,1,1,Ti,P 63/m m c,194,COD,9008517,,0.28070465050932153,2.662846088409424,identification_ok; activation=1.0 is not physical QPA; model_probability_is_uncalibrated,fig4/benchmark/results/atomly_core_v3/crystaltree_cod_frontend_v2/selected_cifs/XRDV3_0017/solution1_phase1_COD_9008517.cif
XRDV3_0018,CrystalShift + CrystalTree with COD front-end,1,1,Al,F m -3 m,225,COD,9012955,,0.9926012903806195,0.19841217994689941,identification_ok; activation=0.6392016965002199 is not physical QPA; model_probability_is_uncalibrated,fig4/benchmark/results/atomly_core_v3/crystaltree_cod_frontend_v2/selected_cifs/XRDV3_0018/solution1_phase1_COD_9012955.cif
XRDV3_0018,CrystalShift + CrystalTree with COD front-end,1,2,Ni,F m -3 m,225,COD,9013024,,0.9926012903806195,0.19841217994689941,identification_ok; activation=0.20683640794508157 is not physical QPA; model_probability_is_uncalibrated,fig4/benchmark/results/atomly_core_v3/crystaltree_cod_frontend_v2/selected_cifs/XRDV3_0018/solution1_phase2_COD_9013024.cif
XRDV3_0018,CrystalShift + CrystalTree with COD front-end,1,3,AlNi,P m -3 m,221,COD,9008802,,0.9926012903806195,0.19841217994689941,identification_ok; activation=0.15396189555469852 is not physical QPA; model_probability_is_uncalibrated,fig4/benchmark/results/atomly_core_v3/crystaltree_cod_frontend_v2/selected_cifs/XRDV3_0018/solution1_phase3_COD_9008802.cif
XRDV3_0019,CrystalShift + CrystalTree with COD front-end,1,1,Si11.7N15.96,P 3 1 c,159,COD,9012057,,0.05937366627522267,3.8601770401000977,identification_ok; activation=0.7757794455721853 is not physical QPA; model_probability_is_uncalibrated,fig4/benchmark/results/atomly_core_v3/crystaltree_cod_frontend_v2/selected_cifs/XRDV3_0019/solution1_phase1_COD_9012057.cif
XRDV3_0019,CrystalShift + CrystalTree with COD front-end,1,2,AlN,P 63 m c,186,COD,1010514,,0.05937366627522267,3.8601770401000977,identification_ok; activation=0.22422055442781486 is not physical QPA; model_probability_is_uncalibrated,fig4/benchmark/results/atomly_core_v3/crystaltree_cod_frontend_v2/selected_cifs/XRDV3_0019/solution1_phase2_COD_1010514.cif
XRDV3_0020,CrystalShift + CrystalTree with COD front-end,1,1,TiN,F m -3 m,225,COD,1101081,,0.03999091699178667,3.6063129901885986,identification_ok; activation=0.7069551649061226 is not physical QPA; model_probability_is_uncalibrated,fig4/benchmark/results/atomly_core_v3/crystaltree_cod_frontend_v2/selected_cifs/XRDV3_0020/solution1_phase1_COD_1101081.cif
XRDV3_0020,CrystalShift + CrystalTree with COD front-end,1,2,Ti,P 63/m m c,194,COD,9008517,,0.03999091699178667,3.6063129901885986,identification_ok; activation=0.29304483509387735 is not physical QPA; model_probability_is_uncalibrated,fig4/benchmark/results/atomly_core_v3/crystaltree_cod_frontend_v2/selected_cifs/XRDV3_0020/solution1_phase2_COD_9008517.cif
XRDV3_0021,CrystalShift + CrystalTree with COD front-end,1,1,Ti,P 63/m m c,194,COD,9008517,,0.30168208041943223,1.3904829025268555,identification_ok; activation=1.0 is not physical QPA; model_probability_is_uncalibrated,fig4/benchmark/results/atomly_core_v3/crystaltree_cod_frontend_v2/selected_cifs/XRDV3_0021/solution1_phase1_COD_9008517.cif
XRDV3_0022,CrystalShift + CrystalTree with COD front-end,1,1,MgO,F m -3 m,225,COD,9000499,,0.0069004787792196366,39.861045122146606,identification_ok; activation=0.7479632557601742 is not physical QPA; model_probability_is_uncalibrated,fig4/benchmark/results/atomly_core_v3/crystaltree_cod_frontend_v2/selected_cifs/XRDV3_0022/solution1_phase1_COD_9000499.cif
XRDV3_0022,CrystalShift + CrystalTree with COD front-end,1,2,LaAlO3,P m -3 m,221,COD,2206576,,0.0069004787792196366,39.861045122146606,identification_ok; activation=0.25203674423982586 is not physical QPA; model_probability_is_uncalibrated,fig4/benchmark/results/atomly_core_v3/crystaltree_cod_frontend_v2/selected_cifs/XRDV3_0022/solution1_phase2_COD_2206576.cif
XRDV3_0023,CrystalShift + CrystalTree with COD front-end,1,1,Sr1Ti1O2.88,P m -3 m,221,COD,4330792,,0.049489449927916034,104.65849900245667,identification_ok; activation=0.5189260481158532 is not physical QPA; model_probability_is_uncalibrated,fig4/benchmark/results/atomly_core_v3/crystaltree_cod_frontend_v2/selected_cifs/XRDV3_0023/solution1_phase1_COD_4330792.cif
XRDV3_0023,CrystalShift + CrystalTree with COD front-end,1,2,BaO,F m -3 m,225,COD,1011362,,0.049489449927916034,104.65849900245667,identification_ok; activation=0.3421914520453311 is not physical QPA; model_probability_is_uncalibrated,fig4/benchmark/results/atomly_core_v3/crystaltree_cod_frontend_v2/selected_cifs/XRDV3_0023/solution1_phase2_COD_1011362.cif
XRDV3_0023,CrystalShift + CrystalTree with COD front-end,1,3,SrO,F m -3 m,225,COD,7200689,,0.049489449927916034,104.65849900245667,identification_ok; activation=0.1388824998388157 is not physical QPA; model_probability_is_uncalibrated,fig4/benchmark/results/atomly_core_v3/crystaltree_cod_frontend_v2/selected_cifs/XRDV3_0023/solution1_phase3_COD_7200689.cif
XRDV3_0024,CrystalShift + CrystalTree with COD front-end,1,1,K3.2Na0.8Cl4,F m -3 m,225,COD,9003144,,0.04899656624995625,6.0204479694366455,identification_ok; activation=0.7726729719925374 is not physical QPA; model_probability_is_uncalibrated,fig4/benchmark/results/atomly_core_v3/crystaltree_cod_frontend_v2/selected_cifs/XRDV3_0024/solution1_phase1_COD_9003144.cif
XRDV3_0024,CrystalShift + CrystalTree with COD front-end,1,2,CsCl,P m -3 m,221,COD,9008789,,0.04899656624995625,6.0204479694366455,identification_ok; activation=0.2273270280074627 is not physical QPA; model_probability_is_uncalibrated,fig4/benchmark/results/atomly_core_v3/crystaltree_cod_frontend_v2/selected_cifs/XRDV3_0024/solution1_phase2_COD_9008789.cif
XRDV3_0025,CrystalShift + CrystalTree with COD front-end,1,1,GaAs,F -4 3 m,216,COD,9008845,,0.20958274847310654,2.4796559810638428,identification_ok; activation=0.5894973725544926 is not physical QPA; model_probability_is_uncalibrated,fig4/benchmark/results/atomly_core_v3/crystaltree_cod_frontend_v2/selected_cifs/XRDV3_0025/solution1_phase1_COD_9008845.cif
XRDV3_0025,CrystalShift + CrystalTree with COD front-end,1,2,GaN,P 63 m c,186,COD,1010168,,0.20958274847310654,2.4796559810638428,identification_ok; activation=0.4105026274455074 is not physical QPA; model_probability_is_uncalibrated,fig4/benchmark/results/atomly_core_v3/crystaltree_cod_frontend_v2/selected_cifs/XRDV3_0025/solution1_phase2_COD_1010168.cif
XRDV3_0026,CrystalShift + CrystalTree with COD front-end,1,1,AlNi,P m -3 m,221,COD,9008802,,0.6199995353980461,0.17575597763061523,identification_ok; activation=0.7653563540906501 is not physical QPA; model_probability_is_uncalibrated,fig4/benchmark/results/atomly_core_v3/crystaltree_cod_frontend_v2/selected_cifs/XRDV3_0026/solution1_phase1_COD_9008802.cif
XRDV3_0026,CrystalShift + CrystalTree with COD front-end,1,2,Ni,F m -3 m,225,COD,9013024,,0.6199995353980461,0.17575597763061523,identification_ok; activation=0.23464364590935 is not physical QPA; model_probability_is_uncalibrated,fig4/benchmark/results/atomly_core_v3/crystaltree_cod_frontend_v2/selected_cifs/XRDV3_0026/solution1_phase2_COD_9013024.cif
XRDV3_0027,CrystalShift + CrystalTree with COD front-end,1,1,ZrC,F m -3 m,225,COD,1562921,,0.10624493962139714,11.622499942779541,identification_ok; activation=0.5145191992553683 is not physical QPA; model_probability_is_uncalibrated,fig4/benchmark/results/atomly_core_v3/crystaltree_cod_frontend_v2/selected_cifs/XRDV3_0027/solution1_phase1_COD_1562921.cif
XRDV3_0027,CrystalShift + CrystalTree with COD front-end,1,2,WC,P -6 m 2,187,COD,2102244,,0.10624493962139714,11.622499942779541,identification_ok; activation=0.4854808007446318 is not physical QPA; model_probability_is_uncalibrated,fig4/benchmark/results/atomly_core_v3/crystaltree_cod_frontend_v2/selected_cifs/XRDV3_0027/solution1_phase2_COD_2102244.cif
XRDV3_0028,CrystalShift + CrystalTree with COD front-end,1,1,MgB4,P n m a,62,COD,1511477,,0.18795012570138175,16.665337085723877,identification_ok; activation=0.824169737465575 is not physical QPA; model_probability_is_uncalibrated,fig4/benchmark/results/atomly_core_v3/crystaltree_cod_frontend_v2/selected_cifs/XRDV3_0028/solution1_phase1_COD_1511477.cif
XRDV3_0028,CrystalShift + CrystalTree with COD front-end,1,2,TiB2,P 6/m m m,191,COD,2002799,,0.18795012570138175,16.665337085723877,identification_ok; activation=0.1758302625344251 is not physical QPA; model_probability_is_uncalibrated,fig4/benchmark/results/atomly_core_v3/crystaltree_cod_frontend_v2/selected_cifs/XRDV3_0028/solution1_phase2_COD_2002799.cif
XRDV3_0029,CrystalShift + CrystalTree with COD front-end,1,1,CaTiO3,I 4/m c m,140,COD,1567489,,0.03442565868735862,104.2539610862732,identification_ok; activation=0.5372991626192068 is not physical QPA; model_probability_is_uncalibrated,fig4/benchmark/results/atomly_core_v3/crystaltree_cod_frontend_v2/selected_cifs/XRDV3_0029/solution1_phase1_COD_1567489.cif
XRDV3_0029,CrystalShift + CrystalTree with COD front-end,1,2,Sr0.8Ca3.2Ti4O11.124,P b n m,62,COD,4330788,,0.03442565868735862,104.2539610862732,identification_ok; activation=0.41943300224914026 is not physical QPA; model_probability_is_uncalibrated,fig4/benchmark/results/atomly_core_v3/crystaltree_cod_frontend_v2/selected_cifs/XRDV3_0029/solution1_phase2_COD_4330788.cif
XRDV3_0029,CrystalShift + CrystalTree with COD front-end,1,3,SrO,F m -3 m,225,COD,7200689,,0.03442565868735862,104.2539610862732,identification_ok; activation=0.043267835131652825 is not physical QPA; model_probability_is_uncalibrated,fig4/benchmark/results/atomly_core_v3/crystaltree_cod_frontend_v2/selected_cifs/XRDV3_0029/solution1_phase3_COD_7200689.cif
XRDV3_0030,CrystalShift + CrystalTree with COD front-end,1,1,NaF,F m -3 m,225,COD,1562978,,0.19429284100229702,9.781131029129028,identification_ok; activation=0.8836468044796447 is not physical QPA; model_probability_is_uncalibrated,fig4/benchmark/results/atomly_core_v3/crystaltree_cod_frontend_v2/selected_cifs/XRDV3_0030/solution1_phase1_COD_1562978.cif
XRDV3_0030,CrystalShift + CrystalTree with COD front-end,1,2,BaF2,F m -3 m,225,COD,9009004,,0.19429284100229702,9.781131029129028,identification_ok; activation=0.11635319552035528 is not physical QPA; model_probability_is_uncalibrated,fig4/benchmark/results/atomly_core_v3/crystaltree_cod_frontend_v2/selected_cifs/XRDV3_0030/solution1_phase2_COD_9009004.cif
XRDV3_0031,CrystalShift + CrystalTree with COD front-end,1,1,ZnSe,F -4 3 m,216,COD,9008857,,0.04858144788399849,58.97817802429199,identification_ok; activation=1.0 is not physical QPA; model_probability_is_uncalibrated,fig4/benchmark/results/atomly_core_v3/crystaltree_cod_frontend_v2/selected_cifs/XRDV3_0031/solution1_phase1_COD_9008857.cif
XRDV3_0032,CrystalShift + CrystalTree with COD front-end,1,1,CaTiO3,P m -3 m,221,COD,1567490,,0.16920776571589996,456.93999004364014,identification_ok; activation=0.36253605614674617 is not physical QPA; model_probability_is_uncalibrated,fig4/benchmark/results/atomly_core_v3/crystaltree_cod_frontend_v2/selected_cifs/XRDV3_0032/solution1_phase1_COD_1567490.cif
XRDV3_0032,CrystalShift + CrystalTree with COD front-end,1,2,CaO,F m -3 m,225,COD,1563196,,0.16920776571589996,456.93999004364014,identification_ok; activation=0.3269323286787356 is not physical QPA; model_probability_is_uncalibrated,fig4/benchmark/results/atomly_core_v3/crystaltree_cod_frontend_v2/selected_cifs/XRDV3_0032/solution1_phase2_COD_1563196.cif
XRDV3_0032,CrystalShift + CrystalTree with COD front-end,1,3,Fe21.332O32,P 43 21 2,96,COD,9012692,,0.16920776571589996,456.93999004364014,identification_ok; activation=0.3105316151745182 is not physical QPA; model_probability_is_uncalibrated,fig4/benchmark/results/atomly_core_v3/crystaltree_cod_frontend_v2/selected_cifs/XRDV3_0032/solution1_phase3_COD_9012692.cif
XRDV3_0033,CrystalShift + CrystalTree with COD front-end,1,1,Al2ZnO4,F d -3 m :1,227,COD,1011001,,0.030319216724963727,31.775569915771484,identification_ok; activation=0.7487961545621825 is not physical QPA; model_probability_is_uncalibrated,fig4/benchmark/results/atomly_core_v3/crystaltree_cod_frontend_v2/selected_cifs/XRDV3_0033/solution1_phase1_COD_1011001.cif
XRDV3_0033,CrystalShift + CrystalTree with COD front-end,1,2,LaAlO3,P m -3 m,221,COD,2206576,,0.030319216724963727,31.775569915771484,identification_ok; activation=0.25120384543781743 is not physical QPA; model_probability_is_uncalibrated,fig4/benchmark/results/atomly_core_v3/crystaltree_cod_frontend_v2/selected_cifs/XRDV3_0033/solution1_phase2_COD_2206576.cif
XRDV3_0034,CrystalShift + CrystalTree with COD front-end,1,1,LiCoO2,R -3 m :H,166,COD,4505482,,0.007751996386266133,34.46232795715332,identification_ok; activation=0.5919355054213985 is not physical QPA; model_probability_is_uncalibrated,fig4/benchmark/results/atomly_core_v3/crystaltree_cod_frontend_v2/selected_cifs/XRDV3_0034/solution1_phase1_COD_4505482.cif
XRDV3_0034,CrystalShift + CrystalTree with COD front-end,1,2,LiTaO3,R 3 c :H,161,COD,2101846,,0.007751996386266133,34.46232795715332,identification_ok; activation=0.4080644945786015 is not physical QPA; model_probability_is_uncalibrated,fig4/benchmark/results/atomly_core_v3/crystaltree_cod_frontend_v2/selected_cifs/XRDV3_0034/solution1_phase2_COD_2101846.cif
XRDV3_0035,CrystalShift + CrystalTree with COD front-end,1,1,Sn1.824O4,P 42/m n m,136,COD,1521419,,0.027857077306583034,25.52542209625244,identification_ok; activation=0.7300099981826184 is not physical QPA; model_probability_is_uncalibrated,fig4/benchmark/results/atomly_core_v3/crystaltree_cod_frontend_v2/selected_cifs/XRDV3_0035/solution1_phase1_COD_1521419.cif
XRDV3_0035,CrystalShift + CrystalTree with COD front-end,1,2,SrO,F m -3 m,225,COD,7200689,,0.027857077306583034,25.52542209625244,identification_ok; activation=0.2699900018173817 is not physical QPA; model_probability_is_uncalibrated,fig4/benchmark/results/atomly_core_v3/crystaltree_cod_frontend_v2/selected_cifs/XRDV3_0035/solution1_phase2_COD_7200689.cif
XRDV3_0036,CrystalShift + CrystalTree with COD front-end,1,1,Si,F d -3 m :1,227,COD,9013102,,0.31825234553508014,2.164849042892456,identification_ok; activation=1.0 is not physical QPA; model_probability_is_uncalibrated,fig4/benchmark/results/atomly_core_v3/crystaltree_cod_frontend_v2/selected_cifs/XRDV3_0036/solution1_phase1_COD_9013102.cif
XRDV3_0037,CrystalShift + CrystalTree with COD front-end,1,1,Cu2O,P n -3 m :1,224,COD,1010941,,0.3358842349114295,2.7722039222717285,identification_ok; activation=0.6446765528179349 is not physical QPA; model_probability_is_uncalibrated,fig4/benchmark/results/atomly_core_v3/crystaltree_cod_frontend_v2/selected_cifs/XRDV3_0037/solution1_phase1_COD_1010941.cif
XRDV3_0037,CrystalShift + CrystalTree with COD front-end,1,2,Cu,F m -3 m,225,COD,9013014,,0.3358842349114295,2.7722039222717285,identification_ok; activation=0.3553234471820652 is not physical QPA; model_probability_is_uncalibrated,fig4/benchmark/results/atomly_core_v3/crystaltree_cod_frontend_v2/selected_cifs/XRDV3_0037/solution1_phase2_COD_9013014.cif
XRDV3_0038,CrystalShift + CrystalTree with COD front-end,1,1,C13O11,C 1 2 1,5,COD,2100086,,0.022923979030247274,464.5854949951172,identification_ok; activation=0.9999877290215335 is not physical QPA; model_probability_is_uncalibrated,fig4/benchmark/results/atomly_core_v3/crystaltree_cod_frontend_v2/selected_cifs/XRDV3_0038/solution1_phase1_COD_2100086.cif
XRDV3_0038,CrystalShift + CrystalTree with COD front-end,1,2,CaCO3,P -1,2,COD,2103119,,0.022923979030247274,464.5854949951172,identification_ok; activation=1.2270978466463568e-5 is not physical QPA; model_probability_is_uncalibrated,fig4/benchmark/results/atomly_core_v3/crystaltree_cod_frontend_v2/selected_cifs/XRDV3_0038/solution1_phase2_COD_2103119.cif
XRDV3_0039,CrystalShift + CrystalTree with COD front-end,1,1,Ce32O54.24,I a -3,206,COD,1521455,,0.04771296516787664,20.780560970306396,identification_ok; activation=0.7667403689877492 is not physical QPA; model_probability_is_uncalibrated,fig4/benchmark/results/atomly_core_v3/crystaltree_cod_frontend_v2/selected_cifs/XRDV3_0039/solution1_phase1_COD_1521455.cif
XRDV3_0039,CrystalShift + CrystalTree with COD front-end,1,2,Ce,P 63/m m c,194,COD,9008491,,0.04771296516787664,20.780560970306396,identification_ok; activation=0.23325963101225078 is not physical QPA; model_probability_is_uncalibrated,fig4/benchmark/results/atomly_core_v3/crystaltree_cod_frontend_v2/selected_cifs/XRDV3_0039/solution1_phase2_COD_9008491.cif
XRDV3_0040,CrystalShift + CrystalTree with COD front-end,1,1,AlNi,P m -3 m,221,COD,9008802,,0.06281141618360501,27.074586868286133,identification_ok; activation=1.0 is not physical QPA; model_probability_is_uncalibrated,fig4/benchmark/results/atomly_core_v3/crystaltree_cod_frontend_v2/selected_cifs/XRDV3_0040/solution1_phase1_COD_9008802.cif
XRDV3_0041,CrystalShift + CrystalTree with COD front-end,1,1,LaAlO3,P m -3 m,221,COD,2206576,,0.017311993385498204,23.754437923431396,identification_ok; activation=0.7878605336059273 is not physical QPA; model_probability_is_uncalibrated,fig4/benchmark/results/atomly_core_v3/crystaltree_cod_frontend_v2/selected_cifs/XRDV3_0041/solution1_phase1_COD_2206576.cif
XRDV3_0041,CrystalShift + CrystalTree with COD front-end,1,2,Sn1.824O4,P 42/m n m,136,COD,1521419,,0.017311993385498204,23.754437923431396,identification_ok; activation=0.21213946639407266 is not physical QPA; model_probability_is_uncalibrated,fig4/benchmark/results/atomly_core_v3/crystaltree_cod_frontend_v2/selected_cifs/XRDV3_0041/solution1_phase2_COD_1521419.cif
XRDV3_0042,CrystalShift + CrystalTree with COD front-end,1,1,Cu3Au,P m -3 m,221,COD,5910053,,0.11323732798490038,4.9905900955200195,identification_ok; activation=0.9701931133522496 is not physical QPA; model_probability_is_uncalibrated,fig4/benchmark/results/atomly_core_v3/crystaltree_cod_frontend_v2/selected_cifs/XRDV3_0042/solution1_phase1_COD_5910053.cif
XRDV3_0042,CrystalShift + CrystalTree with COD front-end,1,2,Cu0.8Au3.2,F m -3 m,225,COD,1510430,,0.11323732798490038,4.9905900955200195,identification_ok; activation=0.02980688664775042 is not physical QPA; model_probability_is_uncalibrated,fig4/benchmark/results/atomly_core_v3/crystaltree_cod_frontend_v2/selected_cifs/XRDV3_0042/solution1_phase2_COD_1510430.cif
XRDV3_0043,CrystalShift + CrystalTree with COD front-end,1,1,KF,F m -3 m,225,COD,1010978,,0.4032288860697749,9.029671907424927,identification_ok; activation=0.5154337367267398 is not physical QPA; model_probability_is_uncalibrated,fig4/benchmark/results/atomly_core_v3/crystaltree_cod_frontend_v2/selected_cifs/XRDV3_0043/solution1_phase1_COD_1010978.cif
XRDV3_0043,CrystalShift + CrystalTree with COD front-end,1,2,KCl,F m -3 m,225,COD,9003112,,0.4032288860697749,9.029671907424927,identification_ok; activation=0.48456626327326024 is not physical QPA; model_probability_is_uncalibrated,fig4/benchmark/results/atomly_core_v3/crystaltree_cod_frontend_v2/selected_cifs/XRDV3_0043/solution1_phase2_COD_9003112.cif
XRDV3_0044,CrystalShift + CrystalTree with COD front-end,1,1,C13O11,C 1 2 1,5,COD,2100086,,0.05977215125158114,223.90084981918335,identification_ok; activation=0.9999946213345396 is not physical QPA; model_probability_is_uncalibrated,fig4/benchmark/results/atomly_core_v3/crystaltree_cod_frontend_v2/selected_cifs/XRDV3_0044/solution1_phase1_COD_2100086.cif
XRDV3_0044,CrystalShift + CrystalTree with COD front-end,1,2,CaCO3,R -3 c :H,167,COD,1547347,,0.05977215125158114,223.90084981918335,identification_ok; activation=4.637339954640918e-6 is not physical QPA; model_probability_is_uncalibrated,fig4/benchmark/results/atomly_core_v3/crystaltree_cod_frontend_v2/selected_cifs/XRDV3_0044/solution1_phase2_COD_1547347.cif
XRDV3_0044,CrystalShift + CrystalTree with COD front-end,1,3,CaO,F m -3 m,225,COD,1563196,,0.05977215125158114,223.90084981918335,identification_ok; activation=7.4132550558744e-7 is not physical QPA; model_probability_is_uncalibrated,fig4/benchmark/results/atomly_core_v3/crystaltree_cod_frontend_v2/selected_cifs/XRDV3_0044/solution1_phase3_COD_1563196.cif
XRDV3_0045,CrystalShift + CrystalTree with COD front-end,1,1,LiF,F m -3 m,225,COD,1010990,,0.21675174877004616,1.973675012588501,identification_ok; activation=0.8149816631461304 is not physical QPA; model_probability_is_uncalibrated,fig4/benchmark/results/atomly_core_v3/crystaltree_cod_frontend_v2/selected_cifs/XRDV3_0045/solution1_phase1_COD_1010990.cif
XRDV3_0045,CrystalShift + CrystalTree with COD front-end,1,2,CaF2,F m -3 m,225,COD,2300449,,0.21675174877004616,1.973675012588501,identification_ok; activation=0.1850183368538695 is not physical QPA; model_probability_is_uncalibrated,fig4/benchmark/results/atomly_core_v3/crystaltree_cod_frontend_v2/selected_cifs/XRDV3_0045/solution1_phase2_COD_2300449.cif
XRDV3_0047,CrystalShift + CrystalTree with COD front-end,1,1,Fe,I m -3 m,229,COD,5000217,,0.19680968686179154,26.11299991607666,identification_ok; activation=1.0 is not physical QPA; model_probability_is_uncalibrated,fig4/benchmark/results/atomly_core_v3/crystaltree_cod_frontend_v2/selected_cifs/XRDV3_0047/solution1_phase1_COD_5000217.cif
XRDV3_0048,CrystalShift + CrystalTree with COD front-end,1,1,Zr1.76O3.56,P 42/n m c :2,137,COD,1533766,,0.04818399912965311,29.839380979537964,identification_ok; activation=0.756033641967137 is not physical QPA; model_probability_is_uncalibrated,fig4/benchmark/results/atomly_core_v3/crystaltree_cod_frontend_v2/selected_cifs/XRDV3_0048/solution1_phase1_COD_1533766.cif
XRDV3_0048,CrystalShift + CrystalTree with COD front-end,1,2,BaO,F m -3 m,225,COD,1011362,,0.04818399912965311,29.839380979537964,identification_ok; activation=0.24396635803286304 is not physical QPA; model_probability_is_uncalibrated,fig4/benchmark/results/atomly_core_v3/crystaltree_cod_frontend_v2/selected_cifs/XRDV3_0048/solution1_phase2_COD_1011362.cif
XRDV3_0049,CrystalShift + CrystalTree with COD front-end,1,1,ZrN,F m -3 m,225,COD,1011361,,0.07052368177917674,5.130640029907227,identification_ok; activation=1.0 is not physical QPA; model_probability_is_uncalibrated,fig4/benchmark/results/atomly_core_v3/crystaltree_cod_frontend_v2/selected_cifs/XRDV3_0049/solution1_phase1_COD_1011361.cif
XRDV3_0050,CrystalShift + CrystalTree with COD front-end,1,1,Li8Mn16O30.9312,F d -3 m :2,227,COD,1513969,,0.06259272861822827,206.1019139289856,identification_ok; activation=0.6616234839783529 is not physical QPA; model_probability_is_uncalibrated,fig4/benchmark/results/atomly_core_v3/crystaltree_cod_frontend_v2/selected_cifs/XRDV3_0050/solution1_phase1_COD_1513969.cif
XRDV3_0050,CrystalShift + CrystalTree with COD front-end,1,2,Mn2O3,I a -3,206,COD,1514230,,0.06259272861822827,206.1019139289856,identification_ok; activation=0.3383765160216472 is not physical QPA; model_probability_is_uncalibrated,fig4/benchmark/results/atomly_core_v3/crystaltree_cod_frontend_v2/selected_cifs/XRDV3_0050/solution1_phase2_COD_1514230.cif
XRDV3_0051,CrystalShift + CrystalTree with COD front-end,1,1,C13O11,C 1 2 1,5,COD,2100086,,0.06801268828086007,1131.9774460792542,identification_ok; activation=0.9999986810139737 is not physical QPA; model_probability_is_uncalibrated,fig4/benchmark/results/atomly_core_v3/crystaltree_cod_frontend_v2/selected_cifs/XRDV3_0051/solution1_phase1_COD_2100086.cif
XRDV3_0051,CrystalShift + CrystalTree with COD front-end,1,2,BaCO3,P m c n,62,COD,9010928,,0.06801268828086007,1131.9774460792542,identification_ok; activation=1.3189860262863252e-6 is not physical QPA; model_probability_is_uncalibrated,fig4/benchmark/results/atomly_core_v3/crystaltree_cod_frontend_v2/selected_cifs/XRDV3_0051/solution1_phase2_COD_9010928.cif
XRDV3_0052,CrystalShift + CrystalTree with COD front-end,1,1,MgF2,P 42/m n m,136,COD,9007434,,0.3957152065867021,16.378798007965088,identification_ok; activation=1.0 is not physical QPA; model_probability_is_uncalibrated,fig4/benchmark/results/atomly_core_v3/crystaltree_cod_frontend_v2/selected_cifs/XRDV3_0052/solution1_phase1_COD_9007434.cif
XRDV3_0053,CrystalShift + CrystalTree with COD front-end,1,1,MnO,F m -3 m,225,COD,1514231,,0.06245111826339168,23.390157222747803,identification_ok; activation=0.5178601425238558 is not physical QPA; model_probability_is_uncalibrated,fig4/benchmark/results/atomly_core_v3/crystaltree_cod_frontend_v2/selected_cifs/XRDV3_0053/solution1_phase1_COD_1514231.cif
XRDV3_0053,CrystalShift + CrystalTree with COD front-end,1,2,Mn2O3,I a -3,206,COD,1514230,,0.06245111826339168,23.390157222747803,identification_ok; activation=0.27739296810909475 is not physical QPA; model_probability_is_uncalibrated,fig4/benchmark/results/atomly_core_v3/crystaltree_cod_frontend_v2/selected_cifs/XRDV3_0053/solution1_phase2_COD_1514230.cif
XRDV3_0053,CrystalShift + CrystalTree with COD front-end,1,3,CeO2,F m -3 m,225,COD,4343161,,0.06245111826339168,23.390157222747803,identification_ok; activation=0.20474688936704957 is not physical QPA; model_probability_is_uncalibrated,fig4/benchmark/results/atomly_core_v3/crystaltree_cod_frontend_v2/selected_cifs/XRDV3_0053/solution1_phase3_COD_4343161.cif
XRDV3_0055,CrystalShift + CrystalTree with COD front-end,1,1,FeS2,P a -3,205,COD,7700358,,0.05955237973267992,68.86868214607239,identification_ok; activation=0.8219817536345351 is not physical QPA; model_probability_is_uncalibrated,fig4/benchmark/results/atomly_core_v3/crystaltree_cod_frontend_v2/selected_cifs/XRDV3_0055/solution1_phase1_COD_7700358.cif
XRDV3_0055,CrystalShift + CrystalTree with COD front-end,1,2,Fe,I m -3 m,229,COD,5000217,,0.05955237973267992,68.86868214607239,identification_ok; activation=0.1780182463654649 is not physical QPA; model_probability_is_uncalibrated,fig4/benchmark/results/atomly_core_v3/crystaltree_cod_frontend_v2/selected_cifs/XRDV3_0055/solution1_phase2_COD_5000217.cif
XRDV3_0056,CrystalShift + CrystalTree with COD front-end,1,1,Na3PS4,I -4 3 m,217,COD,7229733,,0.04164691434993918,99.44649386405945,identification_ok; activation=0.6159160336866419 is not physical QPA; model_probability_is_uncalibrated,fig4/benchmark/results/atomly_core_v3/crystaltree_cod_frontend_v2/selected_cifs/XRDV3_0056/solution1_phase1_COD_7229733.cif
XRDV3_0056,CrystalShift + CrystalTree with COD front-end,1,2,Zn3.6Fe0.44S3.96,F -4 3 m,216,COD,9016493,,0.04164691434993918,99.44649386405945,identification_ok; activation=0.22582728117797954 is not physical QPA; model_probability_is_uncalibrated,fig4/benchmark/results/atomly_core_v3/crystaltree_cod_frontend_v2/selected_cifs/XRDV3_0056/solution1_phase2_COD_9016493.cif
XRDV3_0056,CrystalShift + CrystalTree with COD front-end,1,3,FeS2,P a -3,205,COD,7700358,,0.04164691434993918,99.44649386405945,identification_ok; activation=0.15825668513537855 is not physical QPA; model_probability_is_uncalibrated,fig4/benchmark/results/atomly_core_v3/crystaltree_cod_frontend_v2/selected_cifs/XRDV3_0056/solution1_phase3_COD_7700358.cif
XRDV3_0057,CrystalShift + CrystalTree with COD front-end,1,1,Li7.96Mn4.04O12,C 1 2/m 1,12,COD,2300447,,0.013381240309936464,141.22258496284485,identification_ok; activation=0.6032247547336289 is not physical QPA; model_probability_is_uncalibrated,fig4/benchmark/results/atomly_core_v3/crystaltree_cod_frontend_v2/selected_cifs/XRDV3_0057/solution1_phase1_COD_2300447.cif
XRDV3_0057,CrystalShift + CrystalTree with COD front-end,1,2,Li10.56Mn13.44O32,F d -3 m :1,227,COD,1513978,,0.013381240309936464,141.22258496284485,identification_ok; activation=0.24868916688663514 is not physical QPA; model_probability_is_uncalibrated,fig4/benchmark/results/atomly_core_v3/crystaltree_cod_frontend_v2/selected_cifs/XRDV3_0057/solution1_phase2_COD_1513978.cif
XRDV3_0057,CrystalShift + CrystalTree with COD front-end,1,3,LiNbO3,R 3 c :H,161,COD,2101845,,0.013381240309936464,141.22258496284485,identification_ok; activation=0.148086078379736 is not physical QPA; model_probability_is_uncalibrated,fig4/benchmark/results/atomly_core_v3/crystaltree_cod_frontend_v2/selected_cifs/XRDV3_0057/solution1_phase3_COD_2101845.cif
XRDV3_0058,CrystalShift + CrystalTree with COD front-end,1,1,C13O11,C 1 2 1,5,COD,2100086,,0.03245337497988087,971.2572219371796,identification_ok; activation=0.999991886700054 is not physical QPA; model_probability_is_uncalibrated,fig4/benchmark/results/atomly_core_v3/crystaltree_cod_frontend_v2/selected_cifs/XRDV3_0058/solution1_phase1_COD_2100086.cif
XRDV3_0058,CrystalShift + CrystalTree with COD front-end,1,2,MgCO3,R -3 c :H,167,COD,9000971,,0.03245337497988087,971.2572219371796,identification_ok; activation=8.113299945919578e-6 is not physical QPA; model_probability_is_uncalibrated,fig4/benchmark/results/atomly_core_v3/crystaltree_cod_frontend_v2/selected_cifs/XRDV3_0058/solution1_phase2_COD_9000971.cif
XRDV3_0059,CrystalShift + CrystalTree with COD front-end,1,1,Fe23.99808O31.99808,F d -3 m :2,227,COD,2300616,,0.06753241933176704,240.96674299240112,identification_ok; activation=0.5393999968272651 is not physical QPA; model_probability_is_uncalibrated,fig4/benchmark/results/atomly_core_v3/crystaltree_cod_frontend_v2/selected_cifs/XRDV3_0059/solution1_phase1_COD_2300616.cif
XRDV3_0059,CrystalShift + CrystalTree with COD front-end,1,2,ZrO2,P b c m,57,COD,9005834,,0.06753241933176704,240.96674299240112,identification_ok; activation=0.2837035632929237 is not physical QPA; model_probability_is_uncalibrated,fig4/benchmark/results/atomly_core_v3/crystaltree_cod_frontend_v2/selected_cifs/XRDV3_0059/solution1_phase2_COD_9005834.cif
XRDV3_0059,CrystalShift + CrystalTree with COD front-end,1,3,Sn1.824O4,P 42/m n m,136,COD,1521419,,0.06753241933176704,240.96674299240112,identification_ok; activation=0.17689643987981113 is not physical QPA; model_probability_is_uncalibrated,fig4/benchmark/results/atomly_core_v3/crystaltree_cod_frontend_v2/selected_cifs/XRDV3_0059/solution1_phase3_COD_1521419.cif
XRDV3_0060,CrystalShift + CrystalTree with COD front-end,1,1,Na3PS4,P -4 21 c,114,COD,7229732,,0.036870551712244244,114.5057761669159,identification_ok; activation=0.9775610388553656 is not physical QPA; model_probability_is_uncalibrated,fig4/benchmark/results/atomly_core_v3/crystaltree_cod_frontend_v2/selected_cifs/XRDV3_0060/solution1_phase1_COD_7229732.cif
XRDV3_0060,CrystalShift + CrystalTree with COD front-end,1,2,ZnS,P 63 m c,186,COD,2310812,,0.036870551712244244,114.5057761669159,identification_ok; activation=0.02243896114463433 is not physical QPA; model_probability_is_uncalibrated,fig4/benchmark/results/atomly_core_v3/crystaltree_cod_frontend_v2/selected_cifs/XRDV3_0060/solution1_phase2_COD_2310812.cif
XRDV3_0061,CrystalShift + CrystalTree with COD front-end,1,1,MgO,F m -3 m,225,COD,9000499,,0.011292089642981368,82.54008293151855,identification_ok; activation=0.5337182231352229 is not physical QPA; model_probability_is_uncalibrated,fig4/benchmark/results/atomly_core_v3/crystaltree_cod_frontend_v2/selected_cifs/XRDV3_0061/solution1_phase1_COD_9000499.cif
XRDV3_0061,CrystalShift + CrystalTree with COD front-end,1,2,Al2O3,R -3 c :H,167,COD,2300448,,0.011292089642981368,82.54008293151855,identification_ok; activation=0.46628177686477723 is not physical QPA; model_probability_is_uncalibrated,fig4/benchmark/results/atomly_core_v3/crystaltree_cod_frontend_v2/selected_cifs/XRDV3_0061/solution1_phase2_COD_2300448.cif
XRDV3_0062,CrystalShift + CrystalTree with COD front-end,1,1,MgF2,P 42/m n m,136,COD,9007434,,0.18136739481801328,20.988712072372437,identification_ok; activation=0.5312422114899988 is not physical QPA; model_probability_is_uncalibrated,fig4/benchmark/results/atomly_core_v3/crystaltree_cod_frontend_v2/selected_cifs/XRDV3_0062/solution1_phase1_COD_9007434.cif
XRDV3_0062,CrystalShift + CrystalTree with COD front-end,1,2,MgB2,P 6/m m m,191,COD,1000026,,0.18136739481801328,20.988712072372437,identification_ok; activation=0.4687577885100012 is not physical QPA; model_probability_is_uncalibrated,fig4/benchmark/results/atomly_core_v3/crystaltree_cod_frontend_v2/selected_cifs/XRDV3_0062/solution1_phase2_COD_1000026.cif
XRDV3_0063,CrystalShift + CrystalTree with COD front-end,1,1,Mg,P 63/m m c,194,COD,9012434,,0.6701010092815718,12.868489980697632,identification_ok; activation=0.5514506690227146 is not physical QPA; model_probability_is_uncalibrated,fig4/benchmark/results/atomly_core_v3/crystaltree_cod_frontend_v2/selected_cifs/XRDV3_0063/solution1_phase1_COD_9012434.cif
XRDV3_0063,CrystalShift + CrystalTree with COD front-end,1,2,MgO,F m -3 m,225,COD,9000499,,0.6701010092815718,12.868489980697632,identification_ok; activation=0.4485493309772854 is not physical QPA; model_probability_is_uncalibrated,fig4/benchmark/results/atomly_core_v3/crystaltree_cod_frontend_v2/selected_cifs/XRDV3_0063/solution1_phase2_COD_9000499.cif
XRDV3_0064,CrystalShift + CrystalTree with COD front-end,1,1,Mg,P 63/m m c,194,COD,9012434,,0.6599143917329827,11.415930032730103,identification_ok; activation=1.0 is not physical QPA; model_probability_is_uncalibrated,fig4/benchmark/results/atomly_core_v3/crystaltree_cod_frontend_v2/selected_cifs/XRDV3_0064/solution1_phase1_COD_9012434.cif
XRDV3_0065,CrystalShift + CrystalTree with COD front-end,1,1,MgF2,P 42/m n m,136,COD,9007434,,0.46990182928060065,46.101969957351685,identification_ok; activation=0.5536968502099568 is not physical QPA; model_probability_is_uncalibrated,fig4/benchmark/results/atomly_core_v3/crystaltree_cod_frontend_v2/selected_cifs/XRDV3_0065/solution1_phase1_COD_9007434.cif
XRDV3_0065,CrystalShift + CrystalTree with COD front-end,1,2,MnF2,P 42/m n m,136,COD,9009076,,0.46990182928060065,46.101969957351685,identification_ok; activation=0.33647966337491547 is not physical QPA; model_probability_is_uncalibrated,fig4/benchmark/results/atomly_core_v3/crystaltree_cod_frontend_v2/selected_cifs/XRDV3_0065/solution1_phase2_COD_9009076.cif
XRDV3_0065,CrystalShift + CrystalTree with COD front-end,1,3,BaF2,F m -3 m,225,COD,9009004,,0.46990182928060065,46.101969957351685,identification_ok; activation=0.10982348641512756 is not physical QPA; model_probability_is_uncalibrated,fig4/benchmark/results/atomly_core_v3/crystaltree_cod_frontend_v2/selected_cifs/XRDV3_0065/solution1_phase3_COD_9009004.cif
XRDV3_0066,CrystalShift + CrystalTree with COD front-end,1,1,GaAs,F -4 3 m,216,COD,9008845,,0.07162164521698285,4.884869813919067,identification_ok; activation=0.9475663498391044 is not physical QPA; model_probability_is_uncalibrated,fig4/benchmark/results/atomly_core_v3/crystaltree_cod_frontend_v2/selected_cifs/XRDV3_0066/solution1_phase1_COD_9008845.cif
XRDV3_0066,CrystalShift + CrystalTree with COD front-end,1,2,GaN,P 63 m c,186,COD,1010168,,0.07162164521698285,4.884869813919067,identification_ok; activation=0.0524336501608956 is not physical QPA; model_probability_is_uncalibrated,fig4/benchmark/results/atomly_core_v3/crystaltree_cod_frontend_v2/selected_cifs/XRDV3_0066/solution1_phase2_COD_1010168.cif
XRDV3_0067,CrystalShift + CrystalTree with COD front-end,1,1,CsCl,P m -3 m,221,COD,9008789,,0.2931384938090955,11.625309944152832,identification_ok; activation=0.6257040205298048 is not physical QPA; model_probability_is_uncalibrated,fig4/benchmark/results/atomly_core_v3/crystaltree_cod_frontend_v2/selected_cifs/XRDV3_0067/solution1_phase1_COD_9008789.cif
XRDV3_0067,CrystalShift + CrystalTree with COD front-end,1,2,AgCl,F m -3 m,225,COD,9008597,,0.2931384938090955,11.625309944152832,identification_ok; activation=0.37429597947019516 is not physical QPA; model_probability_is_uncalibrated,fig4/benchmark/results/atomly_core_v3/crystaltree_cod_frontend_v2/selected_cifs/XRDV3_0067/solution1_phase2_COD_9008597.cif
XRDV3_0068,CrystalShift + CrystalTree with COD front-end,1,1,ZnS,F -4 3 m,216,COD,1100043,,0.20319231153550704,215.6739981174469,identification_ok; activation=0.6845017078769496 is not physical QPA; model_probability_is_uncalibrated,fig4/benchmark/results/atomly_core_v3/crystaltree_cod_frontend_v2/selected_cifs/XRDV3_0068/solution1_phase1_COD_1100043.cif
XRDV3_0068,CrystalShift + CrystalTree with COD front-end,1,2,ZnSe,F -4 3 m,216,COD,9008857,,0.20319231153550704,215.6739981174469,identification_ok; activation=0.3154982921230504 is not physical QPA; model_probability_is_uncalibrated,fig4/benchmark/results/atomly_core_v3/crystaltree_cod_frontend_v2/selected_cifs/XRDV3_0068/solution1_phase2_COD_9008857.cif
XRDV3_0069,CrystalShift + CrystalTree with COD front-end,1,1,Na3PS4,P -4 21 c,114,COD,7229732,,0.0983545025541177,97.26528096199036,identification_ok; activation=0.9134080033274664 is not physical QPA; model_probability_is_uncalibrated,fig4/benchmark/results/atomly_core_v3/crystaltree_cod_frontend_v2/selected_cifs/XRDV3_0069/solution1_phase1_COD_7229732.cif
XRDV3_0069,CrystalShift + CrystalTree with COD front-end,1,2,ZnS,F -4 3 m,216,COD,1100043,,0.0983545025541177,97.26528096199036,identification_ok; activation=0.0865919966725337 is not physical QPA; model_probability_is_uncalibrated,fig4/benchmark/results/atomly_core_v3/crystaltree_cod_frontend_v2/selected_cifs/XRDV3_0069/solution1_phase2_COD_1100043.cif
XRDV3_0070,CrystalShift + CrystalTree with COD front-end,1,1,CaTiO3,P b n m,62,COD,9006172,,0.04039564932331423,55.54954504966736,identification_ok; activation=0.8085625790301563 is not physical QPA; model_probability_is_uncalibrated,fig4/benchmark/results/atomly_core_v3/crystaltree_cod_frontend_v2/selected_cifs/XRDV3_0070/solution1_phase1_COD_9006172.cif
XRDV3_0070,CrystalShift + CrystalTree with COD front-end,1,2,CaO,F m -3 m,225,COD,1563196,,0.04039564932331423,55.54954504966736,identification_ok; activation=0.19143742096984362 is not physical QPA; model_probability_is_uncalibrated,fig4/benchmark/results/atomly_core_v3/crystaltree_cod_frontend_v2/selected_cifs/XRDV3_0070/solution1_phase2_COD_1563196.cif
XRDV3_0071,CrystalShift + CrystalTree with COD front-end,1,1,Sr3.606Ce1.614Ti6O18,R -3 c :H,167,COD,4001154,,0.3324343650509745,400.0546510219574,identification_ok; activation=0.5414523268086637 is not physical QPA; model_probability_is_uncalibrated,fig4/benchmark/results/atomly_core_v3/crystaltree_cod_frontend_v2/selected_cifs/XRDV3_0071/solution1_phase1_COD_4001154.cif
XRDV3_0071,CrystalShift + CrystalTree with COD front-end,1,2,Ce32O54.24,I a -3,206,COD,1521455,,0.3324343650509745,400.0546510219574,identification_ok; activation=0.45854767319133616 is not physical QPA; model_probability_is_uncalibrated,fig4/benchmark/results/atomly_core_v3/crystaltree_cod_frontend_v2/selected_cifs/XRDV3_0071/solution1_phase2_COD_1521455.cif
XRDV3_0072,CrystalShift + CrystalTree with COD front-end,1,1,Fe23.99808O31.99808,F d -3 m :2,227,COD,2300616,,0.03784274425038448,40.61344885826111,identification_ok; activation=0.8331062620068164 is not physical QPA; model_probability_is_uncalibrated,fig4/benchmark/results/atomly_core_v3/crystaltree_cod_frontend_v2/selected_cifs/XRDV3_0072/solution1_phase1_COD_2300616.cif
XRDV3_0072,CrystalShift + CrystalTree with COD front-end,1,2,Fe,I m -3 m,229,COD,5000217,,0.03784274425038448,40.61344885826111,identification_ok; activation=0.16689373799318374 is not physical QPA; model_probability_is_uncalibrated,fig4/benchmark/results/atomly_core_v3/crystaltree_cod_frontend_v2/selected_cifs/XRDV3_0072/solution1_phase2_COD_5000217.cif
XRDV3_0073,CrystalShift + CrystalTree with COD front-end,1,1,NiO,F m -3 m,225,COD,9013980,,0.47680977887874154,2.54156494140625,identification_ok; activation=1.0 is not physical QPA; model_probability_is_uncalibrated,fig4/benchmark/results/atomly_core_v3/crystaltree_cod_frontend_v2/selected_cifs/XRDV3_0073/solution1_phase1_COD_9013980.cif
XRDV3_0074,CrystalShift + CrystalTree with COD front-end,1,1,MgF2,P 42/m n m,136,COD,9007434,,0.29307954977340045,21.692193031311035,identification_ok; activation=1.0 is not physical QPA; model_probability_is_uncalibrated,fig4/benchmark/results/atomly_core_v3/crystaltree_cod_frontend_v2/selected_cifs/XRDV3_0074/solution1_phase1_COD_9007434.cif
XRDV3_0075,CrystalShift + CrystalTree with COD front-end,1,1,Li6Ta3.18Nb2.82O18,R 3 c :H,161,COD,2311706,,0.013571694574231881,85.80506896972656,identification_ok; activation=0.8245040444642375 is not physical QPA; model_probability_is_uncalibrated,fig4/benchmark/results/atomly_core_v3/crystaltree_cod_frontend_v2/selected_cifs/XRDV3_0075/solution1_phase1_COD_2311706.cif
XRDV3_0075,CrystalShift + CrystalTree with COD front-end,1,2,KTaO3,P m -3 m,221,COD,2102087,,0.013571694574231881,85.80506896972656,identification_ok; activation=0.17549595553576244 is not physical QPA; model_probability_is_uncalibrated,fig4/benchmark/results/atomly_core_v3/crystaltree_cod_frontend_v2/selected_cifs/XRDV3_0075/solution1_phase2_COD_2102087.cif
XRDV3_0076,CrystalShift + CrystalTree with COD front-end,1,1,GaAs,F -4 3 m,216,COD,9008845,,0.0504909577131315,4.132097959518433,identification_ok; activation=0.5990633775188292 is not physical QPA; model_probability_is_uncalibrated,fig4/benchmark/results/atomly_core_v3/crystaltree_cod_frontend_v2/selected_cifs/XRDV3_0076/solution1_phase1_COD_9008845.cif
XRDV3_0076,CrystalShift + CrystalTree with COD front-end,1,2,Ti4N3.6,F m -3 m,225,COD,1100037,,0.0504909577131315,4.132097959518433,identification_ok; activation=0.4009366224811709 is not physical QPA; model_probability_is_uncalibrated,fig4/benchmark/results/atomly_core_v3/crystaltree_cod_frontend_v2/selected_cifs/XRDV3_0076/solution1_phase2_COD_1100037.cif
XRDV3_0077,CrystalShift + CrystalTree with COD front-end,1,1,WC,P -6 m 2,187,COD,2102244,,0.10975199265854811,14.291569948196411,identification_ok; activation=1.0 is not physical QPA; model_probability_is_uncalibrated,fig4/benchmark/results/atomly_core_v3/crystaltree_cod_frontend_v2/selected_cifs/XRDV3_0077/solution1_phase1_COD_2102244.cif
XRDV3_0078,CrystalShift + CrystalTree with COD front-end,1,1,Li4Mn1.988Fe2.012P4O16,P b n m,62,COD,9004883,,0.0032890676824503147,393.21385192871094,identification_ok; activation=1.0 is not physical QPA; model_probability_is_uncalibrated,fig4/benchmark/results/atomly_core_v3/crystaltree_cod_frontend_v2/selected_cifs/XRDV3_0078/solution1_phase1_COD_9004883.cif
XRDV3_0079,CrystalShift + CrystalTree with COD front-end,1,1,SiC,F -4 3 m,216,COD,1011031,,0.15338894196464475,12.471956968307495,identification_ok; activation=0.7235549962493754 is not physical QPA; model_probability_is_uncalibrated,fig4/benchmark/results/atomly_core_v3/crystaltree_cod_frontend_v2/selected_cifs/XRDV3_0079/solution1_phase1_COD_1011031.cif
XRDV3_0079,CrystalShift + CrystalTree with COD front-end,1,2,Si,F d -3 m :1,227,COD,9013102,,0.15338894196464475,12.471956968307495,identification_ok; activation=0.27644500375062453 is not physical QPA; model_probability_is_uncalibrated,fig4/benchmark/results/atomly_core_v3/crystaltree_cod_frontend_v2/selected_cifs/XRDV3_0079/solution1_phase2_COD_9013102.cif
XRDV3_0080,CrystalShift + CrystalTree with COD front-end,1,1,ZrN,F m -3 m,225,COD,1011361,,0.031008232420166676,3.4165329933166504,identification_ok; activation=0.5983715455639136 is not physical QPA; model_probability_is_uncalibrated,fig4/benchmark/results/atomly_core_v3/crystaltree_cod_frontend_v2/selected_cifs/XRDV3_0080/solution1_phase1_COD_1011361.cif
XRDV3_0080,CrystalShift + CrystalTree with COD front-end,1,2,TiN,F m -3 m,225,COD,1101081,,0.031008232420166676,3.4165329933166504,identification_ok; activation=0.4016284544360863 is not physical QPA; model_probability_is_uncalibrated,fig4/benchmark/results/atomly_core_v3/crystaltree_cod_frontend_v2/selected_cifs/XRDV3_0080/solution1_phase2_COD_1101081.cif
XRDV3_0081,CrystalShift + CrystalTree with COD front-end,1,1,Fe2SiO4,P b n m,62,COD,9000469,,0.016044584960245523,360.93014192581177,identification_ok; activation=0.7788583733062456 is not physical QPA; model_probability_is_uncalibrated,fig4/benchmark/results/atomly_core_v3/crystaltree_cod_frontend_v2/selected_cifs/XRDV3_0081/solution1_phase1_COD_9000469.cif
XRDV3_0081,CrystalShift + CrystalTree with COD front-end,1,2,ZrSiO4,I 41/a m d :1,141,COD,1011265,,0.016044584960245523,360.93014192581177,identification_ok; activation=0.2211416266937543 is not physical QPA; model_probability_is_uncalibrated,fig4/benchmark/results/atomly_core_v3/crystaltree_cod_frontend_v2/selected_cifs/XRDV3_0081/solution1_phase2_COD_1011265.cif
XRDV3_0082,CrystalShift + CrystalTree with COD front-end,1,1,Cu3Au,P m -3 m,221,COD,5910053,,0.10549698192785463,1.332603931427002,identification_ok; activation=1.0 is not physical QPA; model_probability_is_uncalibrated,fig4/benchmark/results/atomly_core_v3/crystaltree_cod_frontend_v2/selected_cifs/XRDV3_0082/solution1_phase1_COD_5910053.cif
XRDV3_0083,CrystalShift + CrystalTree with COD front-end,1,1,ZnS,P 63 m c,186,COD,9000086,,0.07692118588260773,112.4723961353302,identification_ok; activation=0.4482605086708478 is not physical QPA; model_probability_is_uncalibrated,fig4/benchmark/results/atomly_core_v3/crystaltree_cod_frontend_v2/selected_cifs/XRDV3_0083/solution1_phase1_COD_9000086.cif
XRDV3_0083,CrystalShift + CrystalTree with COD front-end,1,2,FeS2,P a -3,205,COD,5000115,,0.07692118588260773,112.4723961353302,identification_ok; activation=0.4346103424734383 is not physical QPA; model_probability_is_uncalibrated,fig4/benchmark/results/atomly_core_v3/crystaltree_cod_frontend_v2/selected_cifs/XRDV3_0083/solution1_phase2_COD_5000115.cif
XRDV3_0083,CrystalShift + CrystalTree with COD front-end,1,3,ZnS,P 63 m c,186,COD,2310812,,0.07692118588260773,112.4723961353302,identification_ok; activation=0.11712914885571388 is not physical QPA; model_probability_is_uncalibrated,fig4/benchmark/results/atomly_core_v3/crystaltree_cod_frontend_v2/selected_cifs/XRDV3_0083/solution1_phase3_COD_2310812.cif
XRDV3_0084,CrystalShift + CrystalTree with COD front-end,1,1,Li7.96Mn4.04O12,C 1 2/m 1,12,COD,2300447,,0.05583258786689553,90.40557909011841,identification_ok; activation=0.44322530966116985 is not physical QPA; model_probability_is_uncalibrated,fig4/benchmark/results/atomly_core_v3/crystaltree_cod_frontend_v2/selected_cifs/XRDV3_0084/solution1_phase1_COD_2300447.cif
XRDV3_0084,CrystalShift + CrystalTree with COD front-end,1,2,Li8Mn16O30.9312,F d -3 m :2,227,COD,1513969,,0.05583258786689553,90.40557909011841,identification_ok; activation=0.4015277799997505 is not physical QPA; model_probability_is_uncalibrated,fig4/benchmark/results/atomly_core_v3/crystaltree_cod_frontend_v2/selected_cifs/XRDV3_0084/solution1_phase2_COD_1513969.cif
XRDV3_0084,CrystalShift + CrystalTree with COD front-end,1,3,MnO,F m -3 m,225,COD,1514231,,0.05583258786689553,90.40557909011841,identification_ok; activation=0.15524691033907964 is not physical QPA; model_probability_is_uncalibrated,fig4/benchmark/results/atomly_core_v3/crystaltree_cod_frontend_v2/selected_cifs/XRDV3_0084/solution1_phase3_COD_1514231.cif
XRDV3_0085,CrystalShift + CrystalTree with COD front-end,1,1,Li2.52Co3O6,R -3 m :H,166,COD,1550394,,0.03417102244324272,35.22028708457947,identification_ok; activation=0.6082369643455032 is not physical QPA; model_probability_is_uncalibrated,fig4/benchmark/results/atomly_core_v3/crystaltree_cod_frontend_v2/selected_cifs/XRDV3_0085/solution1_phase1_COD_1550394.cif
XRDV3_0085,CrystalShift + CrystalTree with COD front-end,1,2,Co3O4,F d -3 m :2,227,COD,9005896,,0.03417102244324272,35.22028708457947,identification_ok; activation=0.23614152421045376 is not physical QPA; model_probability_is_uncalibrated,fig4/benchmark/results/atomly_core_v3/crystaltree_cod_frontend_v2/selected_cifs/XRDV3_0085/solution1_phase2_COD_9005896.cif
XRDV3_0085,CrystalShift + CrystalTree with COD front-end,1,3,LiNbO3,R 3 c :H,161,COD,2101845,,0.03417102244324272,35.22028708457947,identification_ok; activation=0.15562151144404307 is not physical QPA; model_probability_is_uncalibrated,fig4/benchmark/results/atomly_core_v3/crystaltree_cod_frontend_v2/selected_cifs/XRDV3_0085/solution1_phase3_COD_2101845.cif
XRDV3_0086,CrystalShift + CrystalTree with COD front-end,1,1,ZrN,F m -3 m,225,COD,1011361,,0.1401186446567842,5.950078964233398,identification_ok; activation=1.0 is not physical QPA; model_probability_is_uncalibrated,fig4/benchmark/results/atomly_core_v3/crystaltree_cod_frontend_v2/selected_cifs/XRDV3_0086/solution1_phase1_COD_1011361.cif
XRDV3_0087,CrystalShift + CrystalTree with COD front-end,1,1,Al,F m -3 m,225,COD,9012955,,0.610101319232486,0.17042183876037598,identification_ok; activation=0.7502322987472274 is not physical QPA; model_probability_is_uncalibrated,fig4/benchmark/results/atomly_core_v3/crystaltree_cod_frontend_v2/selected_cifs/XRDV3_0087/solution1_phase1_COD_9012955.cif
XRDV3_0087,CrystalShift + CrystalTree with COD front-end,1,2,AlNi,P m -3 m,221,COD,9008802,,0.610101319232486,0.17042183876037598,identification_ok; activation=0.24976770125277262 is not physical QPA; model_probability_is_uncalibrated,fig4/benchmark/results/atomly_core_v3/crystaltree_cod_frontend_v2/selected_cifs/XRDV3_0087/solution1_phase2_COD_9008802.cif
XRDV3_0088,CrystalShift + CrystalTree with COD front-end,1,1,AlFe,P m -3 m,221,COD,1541193,,0.3473611107156756,106.59949612617493,identification_ok; activation=1.0 is not physical QPA; model_probability_is_uncalibrated,fig4/benchmark/results/atomly_core_v3/crystaltree_cod_frontend_v2/selected_cifs/XRDV3_0088/solution1_phase1_COD_1541193.cif
XRDV3_0089,CrystalShift + CrystalTree with COD front-end,1,1,MnO,F m -3 m,225,COD,1514231,,0.0547341445864716,62.56666803359985,identification_ok; activation=0.4398399781032213 is not physical QPA; model_probability_is_uncalibrated,fig4/benchmark/results/atomly_core_v3/crystaltree_cod_frontend_v2/selected_cifs/XRDV3_0089/solution1_phase1_COD_1514231.cif
XRDV3_0089,CrystalShift + CrystalTree with COD front-end,1,2,Mn2O3,P b c a,61,COD,1514103,,0.0547341445864716,62.56666803359985,identification_ok; activation=0.35539214406012115 is not physical QPA; model_probability_is_uncalibrated,fig4/benchmark/results/atomly_core_v3/crystaltree_cod_frontend_v2/selected_cifs/XRDV3_0089/solution1_phase2_COD_1514103.cif
XRDV3_0089,CrystalShift + CrystalTree with COD front-end,1,3,NiO,F m -3 m,225,COD,9013980,,0.0547341445864716,62.56666803359985,identification_ok; activation=0.20476787783665745 is not physical QPA; model_probability_is_uncalibrated,fig4/benchmark/results/atomly_core_v3/crystaltree_cod_frontend_v2/selected_cifs/XRDV3_0089/solution1_phase3_COD_9013980.cif
XRDV3_0090,CrystalShift + CrystalTree with COD front-end,1,1,CeO2,F m -3 m,225,COD,4343161,,0.023771420973346984,66.68949794769287,identification_ok; activation=0.5014648099180624 is not physical QPA; model_probability_is_uncalibrated,fig4/benchmark/results/atomly_core_v3/crystaltree_cod_frontend_v2/selected_cifs/XRDV3_0090/solution1_phase1_COD_4343161.cif
XRDV3_0090,CrystalShift + CrystalTree with COD front-end,1,2,LiTaO3,R 3 c :H,161,COD,2101846,,0.023771420973346984,66.68949794769287,identification_ok; activation=0.4985351900819375 is not physical QPA; model_probability_is_uncalibrated,fig4/benchmark/results/atomly_core_v3/crystaltree_cod_frontend_v2/selected_cifs/XRDV3_0090/solution1_phase2_COD_2101846.cif
XRDV3_0091,CrystalShift + CrystalTree with COD front-end,1,1,Co3O4,F d -3 m :2,227,COD,9005896,,0.097254714776473,3.7529571056365967,identification_ok; activation=0.7138598888168521 is not physical QPA; model_probability_is_uncalibrated,fig4/benchmark/results/atomly_core_v3/crystaltree_cod_frontend_v2/selected_cifs/XRDV3_0091/solution1_phase1_COD_9005896.cif
XRDV3_0091,CrystalShift + CrystalTree with COD front-end,1,2,NiO,F m -3 m,225,COD,9013980,,0.097254714776473,3.7529571056365967,identification_ok; activation=0.2861401111831478 is not physical QPA; model_probability_is_uncalibrated,fig4/benchmark/results/atomly_core_v3/crystaltree_cod_frontend_v2/selected_cifs/XRDV3_0091/solution1_phase2_COD_9013980.cif
XRDV3_0092,CrystalShift + CrystalTree with COD front-end,1,1,Fe2SiO4,P b n m,62,COD,9000469,,0.007417053973301515,465.60244607925415,identification_ok; activation=0.8458851657474843 is not physical QPA; model_probability_is_uncalibrated,fig4/benchmark/results/atomly_core_v3/crystaltree_cod_frontend_v2/selected_cifs/XRDV3_0092/solution1_phase1_COD_9000469.cif
XRDV3_0092,CrystalShift + CrystalTree with COD front-end,1,2,Zr1.76O3.56,P 42/n m c :2,137,COD,1533766,,0.007417053973301515,465.60244607925415,identification_ok; activation=0.15411483425251576 is not physical QPA; model_probability_is_uncalibrated,fig4/benchmark/results/atomly_core_v3/crystaltree_cod_frontend_v2/selected_cifs/XRDV3_0092/solution1_phase2_COD_1533766.cif
XRDV3_0093,CrystalShift + CrystalTree with COD front-end,1,1,ZrN,F m -3 m,225,COD,1011361,,0.21577630729316147,5.832540035247803,identification_ok; activation=0.49791886009232367 is not physical QPA; model_probability_is_uncalibrated,fig4/benchmark/results/atomly_core_v3/crystaltree_cod_frontend_v2/selected_cifs/XRDV3_0093/solution1_phase1_COD_1011361.cif
XRDV3_0093,CrystalShift + CrystalTree with COD front-end,1,2,AlN,P 63 m c,186,COD,1010514,,0.21577630729316147,5.832540035247803,identification_ok; activation=0.4644970860564292 is not physical QPA; model_probability_is_uncalibrated,fig4/benchmark/results/atomly_core_v3/crystaltree_cod_frontend_v2/selected_cifs/XRDV3_0093/solution1_phase2_COD_1010514.cif
XRDV3_0093,CrystalShift + CrystalTree with COD front-end,1,3,GaN,P 63 m c,186,COD,1010168,,0.21577630729316147,5.832540035247803,identification_ok; activation=0.037584053851247204 is not physical QPA; model_probability_is_uncalibrated,fig4/benchmark/results/atomly_core_v3/crystaltree_cod_frontend_v2/selected_cifs/XRDV3_0093/solution1_phase3_COD_1010168.cif
XRDV3_0094,CrystalShift + CrystalTree with COD front-end,1,1,AgCl,F m -3 m,225,COD,9008597,,0.13868039820771708,3.5056629180908203,identification_ok; activation=0.528438379807102 is not physical QPA; model_probability_is_uncalibrated,fig4/benchmark/results/atomly_core_v3/crystaltree_cod_frontend_v2/selected_cifs/XRDV3_0094/solution1_phase1_COD_9008597.cif
XRDV3_0094,CrystalShift + CrystalTree with COD front-end,1,2,AgBr,F m -3 m,225,COD,9008596,,0.13868039820771708,3.5056629180908203,identification_ok; activation=0.471561620192898 is not physical QPA; model_probability_is_uncalibrated,fig4/benchmark/results/atomly_core_v3/crystaltree_cod_frontend_v2/selected_cifs/XRDV3_0094/solution1_phase2_COD_9008596.cif
XRDV3_0095,CrystalShift + CrystalTree with COD front-end,1,1,ZrC,F m -3 m,225,COD,1562921,,0.18875317896027685,16.4483699798584,identification_ok; activation=1.0 is not physical QPA; model_probability_is_uncalibrated,fig4/benchmark/results/atomly_core_v3/crystaltree_cod_frontend_v2/selected_cifs/XRDV3_0095/solution1_phase1_COD_1562921.cif
XRDV3_0096,CrystalShift + CrystalTree with COD front-end,1,1,BaF2,F m -3 m,225,COD,9009004,,0.24405831684039475,10.961078882217407,identification_ok; activation=1.0 is not physical QPA; model_probability_is_uncalibrated,fig4/benchmark/results/atomly_core_v3/crystaltree_cod_frontend_v2/selected_cifs/XRDV3_0096/solution1_phase1_COD_9009004.cif
XRDV3_0097,CrystalShift + CrystalTree with COD front-end,1,1,ZrC,F m -3 m,225,COD,1562921,,0.067190141564542,12.488031148910522,identification_ok; activation=0.8658464558204724 is not physical QPA; model_probability_is_uncalibrated,fig4/benchmark/results/atomly_core_v3/crystaltree_cod_frontend_v2/selected_cifs/XRDV3_0097/solution1_phase1_COD_1562921.cif
XRDV3_0097,CrystalShift + CrystalTree with COD front-end,1,2,WC,P -6 m 2,187,COD,2102244,,0.067190141564542,12.488031148910522,identification_ok; activation=0.1341535441795277 is not physical QPA; model_probability_is_uncalibrated,fig4/benchmark/results/atomly_core_v3/crystaltree_cod_frontend_v2/selected_cifs/XRDV3_0097/solution1_phase2_COD_2102244.cif
XRDV3_0098,CrystalShift + CrystalTree with COD front-end,1,1,KCl,F m -3 m,225,COD,9003112,,0.19914748247772845,4.441277980804443,identification_ok; activation=0.5252435549120473 is not physical QPA; model_probability_is_uncalibrated,fig4/benchmark/results/atomly_core_v3/crystaltree_cod_frontend_v2/selected_cifs/XRDV3_0098/solution1_phase1_COD_9003112.cif
XRDV3_0098,CrystalShift + CrystalTree with COD front-end,1,2,AgCl,F m -3 m,225,COD,9008597,,0.19914748247772845,4.441277980804443,identification_ok; activation=0.35445520527806945 is not physical QPA; model_probability_is_uncalibrated,fig4/benchmark/results/atomly_core_v3/crystaltree_cod_frontend_v2/selected_cifs/XRDV3_0098/solution1_phase2_COD_9008597.cif
XRDV3_0098,CrystalShift + CrystalTree with COD front-end,1,3,AgBr,F m -3 m,225,COD,9008596,,0.19914748247772845,4.441277980804443,identification_ok; activation=0.12030123980988333 is not physical QPA; model_probability_is_uncalibrated,fig4/benchmark/results/atomly_core_v3/crystaltree_cod_frontend_v2/selected_cifs/XRDV3_0098/solution1_phase3_COD_9008596.cif
XRDV3_0099,CrystalShift + CrystalTree with COD front-end,1,1,ZrSiO4,I 41/a m d :1,141,COD,1011265,,0.006669711851821024,480.843789100647,identification_ok; activation=1.0 is not physical QPA; model_probability_is_uncalibrated,fig4/benchmark/results/atomly_core_v3/crystaltree_cod_frontend_v2/selected_cifs/XRDV3_0099/solution1_phase1_COD_1011265.cif
