provider,id,name,filename,spacegroup,spacegroup_number,crystal_system,system_type,full_path
COD,9017775,Al,Al_COD_9017775.cif,Im-3m,229,cubic,Al,fig4/benchmark/results/atomly_core_v3/xerus_native_pilot_v2/work/XRDV3_0080/cifs/Al_COD_9017775.cif
MP,mp-134,Al,Al_MP_mp-134.cif,Fm-3m,225,cubic,Al,fig4/benchmark/results/atomly_core_v3/xerus_native_pilot_v2/work/XRDV3_0080/cifs/Al_MP_mp-134.cif
COD,9012428,Al,Al_COD_9012428.cif,Fm-3m,225,cubic,Al,fig4/benchmark/results/atomly_core_v3/xerus_native_pilot_v2/work/XRDV3_0080/cifs/Al_COD_9012428.cif
COD,1502689,Al,Al_COD_1502689.cif,Fm-3m,225,cubic,Al,fig4/benchmark/results/atomly_core_v3/xerus_native_pilot_v2/work/XRDV3_0080/cifs/Al_COD_1502689.cif
OQMD,5860683,Al,Al_OQMD_5860683.cif,I4/mmm,139,tetragonal,Al,fig4/benchmark/results/atomly_core_v3/xerus_native_pilot_v2/work/XRDV3_0080/cifs/Al_OQMD_5860683.cif
COD,4004108,Al,Al_COD_4004108.cif,Fm-3m,225,cubic,Al,fig4/benchmark/results/atomly_core_v3/xerus_native_pilot_v2/work/XRDV3_0080/cifs/Al_COD_4004108.cif
COD,9011602,Al,Al_COD_9011602.cif,Fm-3m,225,cubic,Al,fig4/benchmark/results/atomly_core_v3/xerus_native_pilot_v2/work/XRDV3_0080/cifs/Al_COD_9011602.cif
COD,9012002,Al,Al_COD_9012002.cif,Fm-3m,225,cubic,Al,fig4/benchmark/results/atomly_core_v3/xerus_native_pilot_v2/work/XRDV3_0080/cifs/Al_COD_9012002.cif
OQMD,5568237,Al,Al_OQMD_5568237.cif,I4/mmm,139,tetragonal,Al,fig4/benchmark/results/atomly_core_v3/xerus_native_pilot_v2/work/XRDV3_0080/cifs/Al_OQMD_5568237.cif
OQMD,4061175,Al,Al_OQMD_4061175.cif,Fm-3m,225,cubic,Al,fig4/benchmark/results/atomly_core_v3/xerus_native_pilot_v2/work/XRDV3_0080/cifs/Al_OQMD_4061175.cif
COD,2300250,Al,Al_COD_2300250.cif,Fm-3m,225,cubic,Al,fig4/benchmark/results/atomly_core_v3/xerus_native_pilot_v2/work/XRDV3_0080/cifs/Al_COD_2300250.cif
OQMD,5567175,Al,Al_OQMD_5567175.cif,Fm-3m,225,cubic,Al,fig4/benchmark/results/atomly_core_v3/xerus_native_pilot_v2/work/XRDV3_0080/cifs/Al_OQMD_5567175.cif
OQMD,5567914,Al,Al_OQMD_5567914.cif,P6_3/mmc,194,hexagonal,Al,fig4/benchmark/results/atomly_core_v3/xerus_native_pilot_v2/work/XRDV3_0080/cifs/Al_OQMD_5567914.cif
OQMD,5568320,Al,Al_OQMD_5568320.cif,R-3m,166,trigonal,Al,fig4/benchmark/results/atomly_core_v3/xerus_native_pilot_v2/work/XRDV3_0080/cifs/Al_OQMD_5568320.cif
OQMD,5567240,Al,Al_OQMD_5567240.cif,R-3m,166,trigonal,Al,fig4/benchmark/results/atomly_core_v3/xerus_native_pilot_v2/work/XRDV3_0080/cifs/Al_OQMD_5567240.cif
COD,4313202,Al,Al_COD_4313202.cif,Fm-3m,225,cubic,Al,fig4/benchmark/results/atomly_core_v3/xerus_native_pilot_v2/work/XRDV3_0080/cifs/Al_COD_4313202.cif
OQMD,6393365,Al,Al_OQMD_6393365.cif,Fm-3m,225,cubic,Al,fig4/benchmark/results/atomly_core_v3/xerus_native_pilot_v2/work/XRDV3_0080/cifs/Al_OQMD_6393365.cif
COD,9012955,Al,Al_COD_9012955.cif,Fm-3m,225,cubic,Al,fig4/benchmark/results/atomly_core_v3/xerus_native_pilot_v2/work/XRDV3_0080/cifs/Al_COD_9012955.cif
COD,4313206,Al,Al_COD_4313206.cif,Fm-3m,225,cubic,Al,fig4/benchmark/results/atomly_core_v3/xerus_native_pilot_v2/work/XRDV3_0080/cifs/Al_COD_4313206.cif
OQMD,5567989,Al,Al_OQMD_5567989.cif,P6_3/mmc,194,hexagonal,Al,fig4/benchmark/results/atomly_core_v3/xerus_native_pilot_v2/work/XRDV3_0080/cifs/Al_OQMD_5567989.cif
COD,4313217,Al,Al_COD_4313217.cif,Fm-3m,225,cubic,Al,fig4/benchmark/results/atomly_core_v3/xerus_native_pilot_v2/work/XRDV3_0080/cifs/Al_COD_4313217.cif
OQMD,6218269,Al,Al_OQMD_6218269.cif,P6_3/mmc,194,hexagonal,Al,fig4/benchmark/results/atomly_core_v3/xerus_native_pilot_v2/work/XRDV3_0080/cifs/Al_OQMD_6218269.cif
OQMD,5567828,Al,Al_OQMD_5567828.cif,P6_3/mmc,194,hexagonal,Al,fig4/benchmark/results/atomly_core_v3/xerus_native_pilot_v2/work/XRDV3_0080/cifs/Al_OQMD_5567828.cif
COD,4313214,Al,Al_COD_4313214.cif,Fm-3m,225,cubic,Al,fig4/benchmark/results/atomly_core_v3/xerus_native_pilot_v2/work/XRDV3_0080/cifs/Al_COD_4313214.cif
COD,4313210,Al,Al_COD_4313210.cif,Fm-3m,225,cubic,Al,fig4/benchmark/results/atomly_core_v3/xerus_native_pilot_v2/work/XRDV3_0080/cifs/Al_COD_4313210.cif
OQMD,5568407,Al,Al_OQMD_5568407.cif,R-3m,166,trigonal,Al,fig4/benchmark/results/atomly_core_v3/xerus_native_pilot_v2/work/XRDV3_0080/cifs/Al_OQMD_5568407.cif
COD,9008460,Al,Al_COD_9008460.cif,Fm-3m,225,cubic,Al,fig4/benchmark/results/atomly_core_v3/xerus_native_pilot_v2/work/XRDV3_0080/cifs/Al_COD_9008460.cif
OQMD,5568578,Al,Al_OQMD_5568578.cif,R-3m,166,trigonal,Al,fig4/benchmark/results/atomly_core_v3/xerus_native_pilot_v2/work/XRDV3_0080/cifs/Al_OQMD_5568578.cif
OQMD,6085512,Zr,Zr_OQMD_6085512.cif,P6/mmm,191,hexagonal,Zr,fig4/benchmark/results/atomly_core_v3/xerus_native_pilot_v2/work/XRDV3_0080/cifs/Zr_OQMD_6085512.cif
OQMD,5079543,Zr,Zr_OQMD_5079543.cif,P6_3/mmc,194,hexagonal,Zr,fig4/benchmark/results/atomly_core_v3/xerus_native_pilot_v2/work/XRDV3_0080/cifs/Zr_OQMD_5079543.cif
OQMD,5568317,Zr,Zr_OQMD_5568317.cif,I4/mmm,139,tetragonal,Zr,fig4/benchmark/results/atomly_core_v3/xerus_native_pilot_v2/work/XRDV3_0080/cifs/Zr_OQMD_5568317.cif
OQMD,5076312,Zr,Zr_OQMD_5076312.cif,P6_3/mmc,194,hexagonal,Zr,fig4/benchmark/results/atomly_core_v3/xerus_native_pilot_v2/work/XRDV3_0080/cifs/Zr_OQMD_5076312.cif
COD,9008523,Zr,Zr_COD_9008523.cif,P6_3/mmc,194,hexagonal,Zr,fig4/benchmark/results/atomly_core_v3/xerus_native_pilot_v2/work/XRDV3_0080/cifs/Zr_COD_9008523.cif
OQMD,5121384,Zr,Zr_OQMD_5121384.cif,P6_3/mmc,194,hexagonal,Zr,fig4/benchmark/results/atomly_core_v3/xerus_native_pilot_v2/work/XRDV3_0080/cifs/Zr_OQMD_5121384.cif
OQMD,5106582,Zr,Zr_OQMD_5106582.cif,P6_3/mmc,194,hexagonal,Zr,fig4/benchmark/results/atomly_core_v3/xerus_native_pilot_v2/work/XRDV3_0080/cifs/Zr_OQMD_5106582.cif
OQMD,5106204,Zr,Zr_OQMD_5106204.cif,P6_3/mmc,194,hexagonal,Zr,fig4/benchmark/results/atomly_core_v3/xerus_native_pilot_v2/work/XRDV3_0080/cifs/Zr_OQMD_5106204.cif
OQMD,4061250,Zr,Zr_OQMD_4061250.cif,Fm-3m,225,cubic,Zr,fig4/benchmark/results/atomly_core_v3/xerus_native_pilot_v2/work/XRDV3_0080/cifs/Zr_OQMD_4061250.cif
OQMD,5076345,Zr,Zr_OQMD_5076345.cif,P6_3/mmc,194,hexagonal,Zr,fig4/benchmark/results/atomly_core_v3/xerus_native_pilot_v2/work/XRDV3_0080/cifs/Zr_OQMD_5076345.cif
OQMD,5567911,Zr,Zr_OQMD_5567911.cif,Cmcm,63,orthorhombic,Zr,fig4/benchmark/results/atomly_core_v3/xerus_native_pilot_v2/work/XRDV3_0080/cifs/Zr_OQMD_5567911.cif
OQMD,5079159,Zr,Zr_OQMD_5079159.cif,P6_3/mmc,194,hexagonal,Zr,fig4/benchmark/results/atomly_core_v3/xerus_native_pilot_v2/work/XRDV3_0080/cifs/Zr_OQMD_5079159.cif
COD,1534901,Zr,Zr_COD_1534901.cif,Fm-3m,225,cubic,Zr,fig4/benchmark/results/atomly_core_v3/xerus_native_pilot_v2/work/XRDV3_0080/cifs/Zr_COD_1534901.cif
OQMD,6218312,Zr,Zr_OQMD_6218312.cif,P6_3/mmc,194,hexagonal,Zr,fig4/benchmark/results/atomly_core_v3/xerus_native_pilot_v2/work/XRDV3_0080/cifs/Zr_OQMD_6218312.cif
OQMD,5079639,Zr,Zr_OQMD_5079639.cif,P6_3/mmc,194,hexagonal,Zr,fig4/benchmark/results/atomly_core_v3/xerus_native_pilot_v2/work/XRDV3_0080/cifs/Zr_OQMD_5079639.cif
OQMD,6184639,Zr,Zr_OQMD_6184639.cif,P6_3/mmc,194,hexagonal,Zr,fig4/benchmark/results/atomly_core_v3/xerus_native_pilot_v2/work/XRDV3_0080/cifs/Zr_OQMD_6184639.cif
OQMD,5202537,Zr,Zr_OQMD_5202537.cif,Cmcm,63,orthorhombic,Zr,fig4/benchmark/results/atomly_core_v3/xerus_native_pilot_v2/work/XRDV3_0080/cifs/Zr_OQMD_5202537.cif
OQMD,4790139,Zr,Zr_OQMD_4790139.cif,P6_3/mmc,194,hexagonal,Zr,fig4/benchmark/results/atomly_core_v3/xerus_native_pilot_v2/work/XRDV3_0080/cifs/Zr_OQMD_4790139.cif
OQMD,4790085,Zr,Zr_OQMD_4790085.cif,P6_3/mmc,194,hexagonal,Zr,fig4/benchmark/results/atomly_core_v3/xerus_native_pilot_v2/work/XRDV3_0080/cifs/Zr_OQMD_4790085.cif
OQMD,5079312,Zr,Zr_OQMD_5079312.cif,P6_3/mmc,194,hexagonal,Zr,fig4/benchmark/results/atomly_core_v3/xerus_native_pilot_v2/work/XRDV3_0080/cifs/Zr_OQMD_5079312.cif
COD,2310734,Zr,Zr_COD_2310734.cif,Cmmm,65,orthorhombic,Zr,fig4/benchmark/results/atomly_core_v3/xerus_native_pilot_v2/work/XRDV3_0080/cifs/Zr_COD_2310734.cif
OQMD,5076303,Zr,Zr_OQMD_5076303.cif,P6_3/mmc,194,hexagonal,Zr,fig4/benchmark/results/atomly_core_v3/xerus_native_pilot_v2/work/XRDV3_0080/cifs/Zr_OQMD_5076303.cif
OQMD,5125164,Zr,Zr_OQMD_5125164.cif,P6_3/mmc,194,hexagonal,Zr,fig4/benchmark/results/atomly_core_v3/xerus_native_pilot_v2/work/XRDV3_0080/cifs/Zr_OQMD_5125164.cif
OQMD,6085947,Zr,Zr_OQMD_6085947.cif,Cmcm,63,orthorhombic,Zr,fig4/benchmark/results/atomly_core_v3/xerus_native_pilot_v2/work/XRDV3_0080/cifs/Zr_OQMD_6085947.cif
OQMD,5076342,Zr,Zr_OQMD_5076342.cif,P6_3/mmc,194,hexagonal,Zr,fig4/benchmark/results/atomly_core_v3/xerus_native_pilot_v2/work/XRDV3_0080/cifs/Zr_OQMD_5076342.cif
COD,9008559,Zr,Zr_COD_9008559.cif,Im-3m,229,cubic,Zr,fig4/benchmark/results/atomly_core_v3/xerus_native_pilot_v2/work/XRDV3_0080/cifs/Zr_COD_9008559.cif
OQMD,5082840,Zr,Zr_OQMD_5082840.cif,P6_3/mmc,194,hexagonal,Zr,fig4/benchmark/results/atomly_core_v3/xerus_native_pilot_v2/work/XRDV3_0080/cifs/Zr_OQMD_5082840.cif
OQMD,5079315,Zr,Zr_OQMD_5079315.cif,P6_3/mmc,194,hexagonal,Zr,fig4/benchmark/results/atomly_core_v3/xerus_native_pilot_v2/work/XRDV3_0080/cifs/Zr_OQMD_5079315.cif
OQMD,5076396,Zr,Zr_OQMD_5076396.cif,P6_3/mmc,194,hexagonal,Zr,fig4/benchmark/results/atomly_core_v3/xerus_native_pilot_v2/work/XRDV3_0080/cifs/Zr_OQMD_5076396.cif
OQMD,5567237,Zr,Zr_OQMD_5567237.cif,Fm-3m,225,cubic,Zr,fig4/benchmark/results/atomly_core_v3/xerus_native_pilot_v2/work/XRDV3_0080/cifs/Zr_OQMD_5567237.cif
MP,mp-131,Zr,Zr_MP_mp-131.cif,P6_3/mmc,194,hexagonal,Zr,fig4/benchmark/results/atomly_core_v3/xerus_native_pilot_v2/work/XRDV3_0080/cifs/Zr_MP_mp-131.cif
OQMD,5568660,Zr,Zr_OQMD_5568660.cif,R-3m,166,trigonal,Zr,fig4/benchmark/results/atomly_core_v3/xerus_native_pilot_v2/work/XRDV3_0080/cifs/Zr_OQMD_5568660.cif
OQMD,5076327,Zr,Zr_OQMD_5076327.cif,P6_3/mmc,194,hexagonal,Zr,fig4/benchmark/results/atomly_core_v3/xerus_native_pilot_v2/work/XRDV3_0080/cifs/Zr_OQMD_5076327.cif
OQMD,5567985,Zr,Zr_OQMD_5567985.cif,P6_3/mmc,194,hexagonal,Zr,fig4/benchmark/results/atomly_core_v3/xerus_native_pilot_v2/work/XRDV3_0080/cifs/Zr_OQMD_5567985.cif
OQMD,5076366,Zr,Zr_OQMD_5076366.cif,P6_3/mmc,194,hexagonal,Zr,fig4/benchmark/results/atomly_core_v3/xerus_native_pilot_v2/work/XRDV3_0080/cifs/Zr_OQMD_5076366.cif
OQMD,5197416,Zr,Zr_OQMD_5197416.cif,Pmmn,59,orthorhombic,Zr,fig4/benchmark/results/atomly_core_v3/xerus_native_pilot_v2/work/XRDV3_0080/cifs/Zr_OQMD_5197416.cif
OQMD,5079141,Zr,Zr_OQMD_5079141.cif,P6_3/mmc,194,hexagonal,Zr,fig4/benchmark/results/atomly_core_v3/xerus_native_pilot_v2/work/XRDV3_0080/cifs/Zr_OQMD_5079141.cif
OQMD,5076363,Zr,Zr_OQMD_5076363.cif,P6_3/mmc,194,hexagonal,Zr,fig4/benchmark/results/atomly_core_v3/xerus_native_pilot_v2/work/XRDV3_0080/cifs/Zr_OQMD_5076363.cif
OQMD,4062462,Zr,Zr_OQMD_4062462.cif,P6_3/mmc,194,hexagonal,Zr,fig4/benchmark/results/atomly_core_v3/xerus_native_pilot_v2/work/XRDV3_0080/cifs/Zr_OQMD_4062462.cif
OQMD,5197341,Zr,Zr_OQMD_5197341.cif,P6_3/mmc,194,hexagonal,Zr,fig4/benchmark/results/atomly_core_v3/xerus_native_pilot_v2/work/XRDV3_0080/cifs/Zr_OQMD_5197341.cif
OQMD,5121210,Zr,Zr_OQMD_5121210.cif,P6_3/mmc,194,hexagonal,Zr,fig4/benchmark/results/atomly_core_v3/xerus_native_pilot_v2/work/XRDV3_0080/cifs/Zr_OQMD_5121210.cif
OQMD,5076351,Zr,Zr_OQMD_5076351.cif,P6_3/mmc,194,hexagonal,Zr,fig4/benchmark/results/atomly_core_v3/xerus_native_pilot_v2/work/XRDV3_0080/cifs/Zr_OQMD_5076351.cif
OQMD,5568064,Zr,Zr_OQMD_5568064.cif,P6_3/mmc,194,hexagonal,Zr,fig4/benchmark/results/atomly_core_v3/xerus_native_pilot_v2/work/XRDV3_0080/cifs/Zr_OQMD_5568064.cif
OQMD,5076402,Zr,Zr_OQMD_5076402.cif,P6_3/mmc,194,hexagonal,Zr,fig4/benchmark/results/atomly_core_v3/xerus_native_pilot_v2/work/XRDV3_0080/cifs/Zr_OQMD_5076402.cif
OQMD,5197185,Zr,Zr_OQMD_5197185.cif,P6_3/mmc,194,hexagonal,Zr,fig4/benchmark/results/atomly_core_v3/xerus_native_pilot_v2/work/XRDV3_0080/cifs/Zr_OQMD_5197185.cif
OQMD,6219133,Zr,Zr_OQMD_6219133.cif,P6/mmm,191,hexagonal,Zr,fig4/benchmark/results/atomly_core_v3/xerus_native_pilot_v2/work/XRDV3_0080/cifs/Zr_OQMD_6219133.cif
OQMD,5076405,Zr,Zr_OQMD_5076405.cif,P6_3/mmc,194,hexagonal,Zr,fig4/benchmark/results/atomly_core_v3/xerus_native_pilot_v2/work/XRDV3_0080/cifs/Zr_OQMD_5076405.cif
OQMD,5092080,Zr,Zr_OQMD_5092080.cif,P6_3/mmc,194,hexagonal,Zr,fig4/benchmark/results/atomly_core_v3/xerus_native_pilot_v2/work/XRDV3_0080/cifs/Zr_OQMD_5092080.cif
OQMD,5197095,Zr,Zr_OQMD_5197095.cif,P6_3/mmc,194,hexagonal,Zr,fig4/benchmark/results/atomly_core_v3/xerus_native_pilot_v2/work/XRDV3_0080/cifs/Zr_OQMD_5197095.cif
OQMD,5197509,Zr,Zr_OQMD_5197509.cif,Pmmn,59,orthorhombic,Zr,fig4/benchmark/results/atomly_core_v3/xerus_native_pilot_v2/work/XRDV3_0080/cifs/Zr_OQMD_5197509.cif
MP,mp-672233,N2,N2_MP_mp-672233.cif,P6_3/mmc,194,hexagonal,N,fig4/benchmark/results/atomly_core_v3/xerus_native_pilot_v2/work/XRDV3_0080/cifs/N2_MP_mp-672233.cif
COD,9012477,N2,N2_COD_9012477.cif,P6_3/mmc,194,hexagonal,N,fig4/benchmark/results/atomly_core_v3/xerus_native_pilot_v2/work/XRDV3_0080/cifs/N2_COD_9012477.cif
COD,9012476,N2,N2_COD_9012476.cif,P6_3/mmc,194,hexagonal,N,fig4/benchmark/results/atomly_core_v3/xerus_native_pilot_v2/work/XRDV3_0080/cifs/N2_COD_9012476.cif
COD,9012480,N2,N2_COD_9012480.cif,P2_13,198,cubic,N,fig4/benchmark/results/atomly_core_v3/xerus_native_pilot_v2/work/XRDV3_0080/cifs/N2_COD_9012480.cif
COD,9008571,N2,N2_COD_9008571.cif,Pa-3,205,cubic,N,fig4/benchmark/results/atomly_core_v3/xerus_native_pilot_v2/work/XRDV3_0080/cifs/N2_COD_9008571.cif
OQMD,4081548,N2,N2_OQMD_4081548.cif,Pa-3,205,cubic,N,fig4/benchmark/results/atomly_core_v3/xerus_native_pilot_v2/work/XRDV3_0080/cifs/N2_OQMD_4081548.cif
COD,9012481,N2,N2_COD_9012481.cif,P2_13,198,cubic,N,fig4/benchmark/results/atomly_core_v3/xerus_native_pilot_v2/work/XRDV3_0080/cifs/N2_COD_9012481.cif
COD,1527603,N2,N2_COD_1527603.cif,P2_13,198,cubic,N,fig4/benchmark/results/atomly_core_v3/xerus_native_pilot_v2/work/XRDV3_0080/cifs/N2_COD_1527603.cif
MP,mp-568584,N2,N2_MP_mp-568584.cif,R-3c,167,trigonal,N,fig4/benchmark/results/atomly_core_v3/xerus_native_pilot_v2/work/XRDV3_0080/cifs/N2_MP_mp-568584.cif
COD,9012475,N2,N2_COD_9012475.cif,P4_2/mnm,136,tetragonal,N,fig4/benchmark/results/atomly_core_v3/xerus_native_pilot_v2/work/XRDV3_0080/cifs/N2_COD_9012475.cif
MP,mp-570747,N2,N2_MP_mp-570747.cif,P4_2/mnm,136,tetragonal,N,fig4/benchmark/results/atomly_core_v3/xerus_native_pilot_v2/work/XRDV3_0080/cifs/N2_MP_mp-570747.cif
OQMD,4069875,N2,N2_OQMD_4069875.cif,P6_3/mmc,194,hexagonal,N,fig4/benchmark/results/atomly_core_v3/xerus_native_pilot_v2/work/XRDV3_0080/cifs/N2_OQMD_4069875.cif
MP,mp-154,N2,N2_MP_mp-154.cif,P2_13,198,cubic,N,fig4/benchmark/results/atomly_core_v3/xerus_native_pilot_v2/work/XRDV3_0080/cifs/N2_MP_mp-154.cif
COD,9011218,N2,N2_COD_9011218.cif,Pm-3n,223,cubic,N,fig4/benchmark/results/atomly_core_v3/xerus_native_pilot_v2/work/XRDV3_0080/cifs/N2_COD_9011218.cif
OQMD,4069530,N2,N2_OQMD_4069530.cif,P4_2/mnm,136,tetragonal,N,fig4/benchmark/results/atomly_core_v3/xerus_native_pilot_v2/work/XRDV3_0080/cifs/N2_OQMD_4069530.cif
COD,9012479,N2,N2_COD_9012479.cif,P6_3/mmc,194,hexagonal,N,fig4/benchmark/results/atomly_core_v3/xerus_native_pilot_v2/work/XRDV3_0080/cifs/N2_COD_9012479.cif
COD,1531482,N2,N2_COD_1531482.cif,Pnma,62,orthorhombic,N,fig4/benchmark/results/atomly_core_v3/xerus_native_pilot_v2/work/XRDV3_0080/cifs/N2_COD_1531482.cif
COD,9012478,N2,N2_COD_9012478.cif,P6_3/mmc,194,hexagonal,N,fig4/benchmark/results/atomly_core_v3/xerus_native_pilot_v2/work/XRDV3_0080/cifs/N2_COD_9012478.cif
MP,mp-25,N2,N2_MP_mp-25.cif,Pa-3,205,cubic,N,fig4/benchmark/results/atomly_core_v3/xerus_native_pilot_v2/work/XRDV3_0080/cifs/N2_MP_mp-25.cif
COD,1539196,N2,N2_COD_1539196.cif,P6_3/mmc,194,hexagonal,N,fig4/benchmark/results/atomly_core_v3/xerus_native_pilot_v2/work/XRDV3_0080/cifs/N2_COD_1539196.cif
COD,9012482,N2,N2_COD_9012482.cif,P2_13,198,cubic,N,fig4/benchmark/results/atomly_core_v3/xerus_native_pilot_v2/work/XRDV3_0080/cifs/N2_COD_9012482.cif
OQMD,4081674,N2,N2_OQMD_4081674.cif,P2_13,198,cubic,N,fig4/benchmark/results/atomly_core_v3/xerus_native_pilot_v2/work/XRDV3_0080/cifs/N2_OQMD_4081674.cif
COD,9011345,N7.99992,N7.99992_COD_9011345.cif,P6_3/mmc,194,hexagonal,N,fig4/benchmark/results/atomly_core_v3/xerus_native_pilot_v2/work/XRDV3_0080/cifs/N7.99992_COD_9011345.cif
OQMD,5076891,Ti,Ti_OQMD_5076891.cif,P6_3/mmc,194,hexagonal,Ti,fig4/benchmark/results/atomly_core_v3/xerus_native_pilot_v2/work/XRDV3_0080/cifs/Ti_OQMD_5076891.cif
OQMD,5081913,Ti,Ti_OQMD_5081913.cif,P6_3/mmc,194,hexagonal,Ti,fig4/benchmark/results/atomly_core_v3/xerus_native_pilot_v2/work/XRDV3_0080/cifs/Ti_OQMD_5081913.cif
OQMD,5077998,Ti,Ti_OQMD_5077998.cif,P6_3/mmc,194,hexagonal,Ti,fig4/benchmark/results/atomly_core_v3/xerus_native_pilot_v2/work/XRDV3_0080/cifs/Ti_OQMD_5077998.cif
OQMD,4790019,Ti,Ti_OQMD_4790019.cif,P6_3/mmc,194,hexagonal,Ti,fig4/benchmark/results/atomly_core_v3/xerus_native_pilot_v2/work/XRDV3_0080/cifs/Ti_OQMD_4790019.cif
OQMD,5125638,Ti,Ti_OQMD_5125638.cif,P6_3/mmc,194,hexagonal,Ti,fig4/benchmark/results/atomly_core_v3/xerus_native_pilot_v2/work/XRDV3_0080/cifs/Ti_OQMD_5125638.cif
MP,mp-72,Ti,Ti_MP_mp-72.cif,P6/mmm,191,hexagonal,Ti,fig4/benchmark/results/atomly_core_v3/xerus_native_pilot_v2/work/XRDV3_0080/cifs/Ti_MP_mp-72.cif
OQMD,5231877,Ti,Ti_OQMD_5231877.cif,P6_3/mmc,194,hexagonal,Ti,fig4/benchmark/results/atomly_core_v3/xerus_native_pilot_v2/work/XRDV3_0080/cifs/Ti_OQMD_5231877.cif
OQMD,5076672,Ti,Ti_OQMD_5076672.cif,P6_3/mmc,194,hexagonal,Ti,fig4/benchmark/results/atomly_core_v3/xerus_native_pilot_v2/work/XRDV3_0080/cifs/Ti_OQMD_5076672.cif
OQMD,5231832,Ti,Ti_OQMD_5231832.cif,P6_3/mmc,194,hexagonal,Ti,fig4/benchmark/results/atomly_core_v3/xerus_native_pilot_v2/work/XRDV3_0080/cifs/Ti_OQMD_5231832.cif
COD,9016190,Ti,Ti_COD_9016190.cif,P6_3/mmc,194,hexagonal,Ti,fig4/benchmark/results/atomly_core_v3/xerus_native_pilot_v2/work/XRDV3_0080/cifs/Ti_COD_9016190.cif
OQMD,5077974,Ti,Ti_OQMD_5077974.cif,P6_3/mmc,194,hexagonal,Ti,fig4/benchmark/results/atomly_core_v3/xerus_native_pilot_v2/work/XRDV3_0080/cifs/Ti_OQMD_5077974.cif
COD,1532765,Ti,Ti_COD_1532765.cif,P6_3/mmc,194,hexagonal,Ti,fig4/benchmark/results/atomly_core_v3/xerus_native_pilot_v2/work/XRDV3_0080/cifs/Ti_COD_1532765.cif
COD,1534878,Ti,Ti_COD_1534878.cif,Fm-3m,225,cubic,Ti,fig4/benchmark/results/atomly_core_v3/xerus_native_pilot_v2/work/XRDV3_0080/cifs/Ti_COD_1534878.cif
OQMD,5076621,Ti,Ti_OQMD_5076621.cif,P6_3/mmc,194,hexagonal,Ti,fig4/benchmark/results/atomly_core_v3/xerus_native_pilot_v2/work/XRDV3_0080/cifs/Ti_OQMD_5076621.cif
OQMD,4789554,Ti,Ti_OQMD_4789554.cif,P6_3/mmc,194,hexagonal,Ti,fig4/benchmark/results/atomly_core_v3/xerus_native_pilot_v2/work/XRDV3_0080/cifs/Ti_OQMD_4789554.cif
OQMD,5076564,Ti,Ti_OQMD_5076564.cif,P6_3/mmc,194,hexagonal,Ti,fig4/benchmark/results/atomly_core_v3/xerus_native_pilot_v2/work/XRDV3_0080/cifs/Ti_OQMD_5076564.cif
OQMD,4790046,Ti,Ti_OQMD_4790046.cif,P6_3/mmc,194,hexagonal,Ti,fig4/benchmark/results/atomly_core_v3/xerus_native_pilot_v2/work/XRDV3_0080/cifs/Ti_OQMD_4790046.cif
OQMD,4813035,Ti,Ti_OQMD_4813035.cif,P6/mmm,191,hexagonal,Ti,fig4/benchmark/results/atomly_core_v3/xerus_native_pilot_v2/work/XRDV3_0080/cifs/Ti_OQMD_4813035.cif
OQMD,5567902,Ti,Ti_OQMD_5567902.cif,Cmcm,63,orthorhombic,Ti,fig4/benchmark/results/atomly_core_v3/xerus_native_pilot_v2/work/XRDV3_0080/cifs/Ti_OQMD_5567902.cif
OQMD,5076576,Ti,Ti_OQMD_5076576.cif,P6_3/mmc,194,hexagonal,Ti,fig4/benchmark/results/atomly_core_v3/xerus_native_pilot_v2/work/XRDV3_0080/cifs/Ti_OQMD_5076576.cif
OQMD,5185353,Ti,Ti_OQMD_5185353.cif,P6_3/mmc,194,hexagonal,Ti,fig4/benchmark/results/atomly_core_v3/xerus_native_pilot_v2/work/XRDV3_0080/cifs/Ti_OQMD_5185353.cif
COD,9008554,Ti,Ti_COD_9008554.cif,Im-3m,229,cubic,Ti,fig4/benchmark/results/atomly_core_v3/xerus_native_pilot_v2/work/XRDV3_0080/cifs/Ti_COD_9008554.cif
OQMD,4790067,Ti,Ti_OQMD_4790067.cif,P6_3/mmc,194,hexagonal,Ti,fig4/benchmark/results/atomly_core_v3/xerus_native_pilot_v2/work/XRDV3_0080/cifs/Ti_OQMD_4790067.cif
OQMD,6229609,Ti,Ti_OQMD_6229609.cif,Ibam,72,orthorhombic,Ti,fig4/benchmark/results/atomly_core_v3/xerus_native_pilot_v2/work/XRDV3_0080/cifs/Ti_OQMD_6229609.cif
OQMD,4063158,Ti,Ti_OQMD_4063158.cif,P6_3/mmc,194,hexagonal,Ti,fig4/benchmark/results/atomly_core_v3/xerus_native_pilot_v2/work/XRDV3_0080/cifs/Ti_OQMD_4063158.cif
OQMD,4790016,Ti,Ti_OQMD_4790016.cif,P6_3/mmc,194,hexagonal,Ti,fig4/benchmark/results/atomly_core_v3/xerus_native_pilot_v2/work/XRDV3_0080/cifs/Ti_OQMD_4790016.cif
OQMD,6217359,Ti,Ti_OQMD_6217359.cif,P6_3/mmc,194,hexagonal,Ti,fig4/benchmark/results/atomly_core_v3/xerus_native_pilot_v2/work/XRDV3_0080/cifs/Ti_OQMD_6217359.cif
COD,9012924,Ti,Ti_COD_9012924.cif,Im-3m,229,cubic,Ti,fig4/benchmark/results/atomly_core_v3/xerus_native_pilot_v2/work/XRDV3_0080/cifs/Ti_COD_9012924.cif
OQMD,5076651,Ti,Ti_OQMD_5076651.cif,P6_3/mmc,194,hexagonal,Ti,fig4/benchmark/results/atomly_core_v3/xerus_native_pilot_v2/work/XRDV3_0080/cifs/Ti_OQMD_5076651.cif
OQMD,5125101,Ti,Ti_OQMD_5125101.cif,P6_3/mmc,194,hexagonal,Ti,fig4/benchmark/results/atomly_core_v3/xerus_native_pilot_v2/work/XRDV3_0080/cifs/Ti_OQMD_5125101.cif
COD,9008517,Ti,Ti_COD_9008517.cif,P6_3/mmc,194,hexagonal,Ti,fig4/benchmark/results/atomly_core_v3/xerus_native_pilot_v2/work/XRDV3_0080/cifs/Ti_COD_9008517.cif
OQMD,5088210,Ti,Ti_OQMD_5088210.cif,P6_3/mmc,194,hexagonal,Ti,fig4/benchmark/results/atomly_core_v3/xerus_native_pilot_v2/work/XRDV3_0080/cifs/Ti_OQMD_5088210.cif
OQMD,5185965,Ti,Ti_OQMD_5185965.cif,P6_3/mmc,194,hexagonal,Ti,fig4/benchmark/results/atomly_core_v3/xerus_native_pilot_v2/work/XRDV3_0080/cifs/Ti_OQMD_5185965.cif
OQMD,5077902,Ti,Ti_OQMD_5077902.cif,P6_3/mmc,194,hexagonal,Ti,fig4/benchmark/results/atomly_core_v3/xerus_native_pilot_v2/work/XRDV3_0080/cifs/Ti_OQMD_5077902.cif
COD,9011600,Ti,Ti_COD_9011600.cif,P6/mmm,191,hexagonal,Ti,fig4/benchmark/results/atomly_core_v3/xerus_native_pilot_v2/work/XRDV3_0080/cifs/Ti_COD_9011600.cif
OQMD,5077167,Ti,Ti_OQMD_5077167.cif,P6_3/mmc,194,hexagonal,Ti,fig4/benchmark/results/atomly_core_v3/xerus_native_pilot_v2/work/XRDV3_0080/cifs/Ti_OQMD_5077167.cif
OQMD,5077155,Ti,Ti_OQMD_5077155.cif,P6_3/mmc,194,hexagonal,Ti,fig4/benchmark/results/atomly_core_v3/xerus_native_pilot_v2/work/XRDV3_0080/cifs/Ti_OQMD_5077155.cif
OQMD,5076579,Ti,Ti_OQMD_5076579.cif,P6_3/mmc,194,hexagonal,Ti,fig4/benchmark/results/atomly_core_v3/xerus_native_pilot_v2/work/XRDV3_0080/cifs/Ti_OQMD_5076579.cif
OQMD,6218300,Ti,Ti_OQMD_6218300.cif,P6_3/mmc,194,hexagonal,Ti,fig4/benchmark/results/atomly_core_v3/xerus_native_pilot_v2/work/XRDV3_0080/cifs/Ti_OQMD_6218300.cif
OQMD,5568651,Ti,Ti_OQMD_5568651.cif,R-3m,166,trigonal,Ti,fig4/benchmark/results/atomly_core_v3/xerus_native_pilot_v2/work/XRDV3_0080/cifs/Ti_OQMD_5568651.cif
OQMD,5078163,Ti,Ti_OQMD_5078163.cif,P6_3/mmc,194,hexagonal,Ti,fig4/benchmark/results/atomly_core_v3/xerus_native_pilot_v2/work/XRDV3_0080/cifs/Ti_OQMD_5078163.cif
OQMD,5185443,Ti,Ti_OQMD_5185443.cif,P6_3/mmc,194,hexagonal,Ti,fig4/benchmark/results/atomly_core_v3/xerus_native_pilot_v2/work/XRDV3_0080/cifs/Ti_OQMD_5185443.cif
OQMD,5077146,Ti,Ti_OQMD_5077146.cif,P6_3/mmc,194,hexagonal,Ti,fig4/benchmark/results/atomly_core_v3/xerus_native_pilot_v2/work/XRDV3_0080/cifs/Ti_OQMD_5077146.cif
OQMD,5101875,Ti,Ti_OQMD_5101875.cif,P6_3/mmc,194,hexagonal,Ti,fig4/benchmark/results/atomly_core_v3/xerus_native_pilot_v2/work/XRDV3_0080/cifs/Ti_OQMD_5101875.cif
MP,mp-46,Ti,Ti_MP_mp-46.cif,P6_3/mmc,194,hexagonal,Ti,fig4/benchmark/results/atomly_core_v3/xerus_native_pilot_v2/work/XRDV3_0080/cifs/Ti_MP_mp-46.cif
OQMD,5078067,Ti,Ti_OQMD_5078067.cif,P6_3/mmc,194,hexagonal,Ti,fig4/benchmark/results/atomly_core_v3/xerus_native_pilot_v2/work/XRDV3_0080/cifs/Ti_OQMD_5078067.cif
COD,9017383,Ti,Ti_COD_9017383.cif,P6_3/mmc,194,hexagonal,Ti,fig4/benchmark/results/atomly_core_v3/xerus_native_pilot_v2/work/XRDV3_0080/cifs/Ti_COD_9017383.cif
OQMD,5077173,Ti,Ti_OQMD_5077173.cif,P6_3/mmc,194,hexagonal,Ti,fig4/benchmark/results/atomly_core_v3/xerus_native_pilot_v2/work/XRDV3_0080/cifs/Ti_OQMD_5077173.cif
OQMD,5100909,Ti,Ti_OQMD_5100909.cif,P6_3/mmc,194,hexagonal,Ti,fig4/benchmark/results/atomly_core_v3/xerus_native_pilot_v2/work/XRDV3_0080/cifs/Ti_OQMD_5100909.cif
OQMD,5567977,Ti,Ti_OQMD_5567977.cif,P6_3/mmc,194,hexagonal,Ti,fig4/benchmark/results/atomly_core_v3/xerus_native_pilot_v2/work/XRDV3_0080/cifs/Ti_OQMD_5567977.cif
COD,9012925,Ti,Ti_COD_9012925.cif,P6/mmm,191,hexagonal,Ti,fig4/benchmark/results/atomly_core_v3/xerus_native_pilot_v2/work/XRDV3_0080/cifs/Ti_COD_9012925.cif
OQMD,5078025,Ti,Ti_OQMD_5078025.cif,P6_3/mmc,194,hexagonal,Ti,fig4/benchmark/results/atomly_core_v3/xerus_native_pilot_v2/work/XRDV3_0080/cifs/Ti_OQMD_5078025.cif
OQMD,5185296,Ti,Ti_OQMD_5185296.cif,P6_3/mmc,194,hexagonal,Ti,fig4/benchmark/results/atomly_core_v3/xerus_native_pilot_v2/work/XRDV3_0080/cifs/Ti_OQMD_5185296.cif
OQMD,5185275,Ti,Ti_OQMD_5185275.cif,P6_3/mmc,194,hexagonal,Ti,fig4/benchmark/results/atomly_core_v3/xerus_native_pilot_v2/work/XRDV3_0080/cifs/Ti_OQMD_5185275.cif
COD,1535440,AlN,AlN_COD_1535440.cif,P6_3mc,186,hexagonal,Al-N,fig4/benchmark/results/atomly_core_v3/xerus_native_pilot_v2/work/XRDV3_0080/cifs/AlN_COD_1535440.cif
COD,1523095,AlN,AlN_COD_1523095.cif,Fm-3m,225,cubic,Al-N,fig4/benchmark/results/atomly_core_v3/xerus_native_pilot_v2/work/XRDV3_0080/cifs/AlN_COD_1523095.cif
OQMD,4067895,AlN,AlN_OQMD_4067895.cif,P6_3mc,186,hexagonal,Al-N,fig4/benchmark/results/atomly_core_v3/xerus_native_pilot_v2/work/XRDV3_0080/cifs/AlN_OQMD_4067895.cif
OQMD,6395896,AlN,AlN_OQMD_6395896.cif,F-43m,216,cubic,Al-N,fig4/benchmark/results/atomly_core_v3/xerus_native_pilot_v2/work/XRDV3_0080/cifs/AlN_OQMD_6395896.cif
MP,mp-661,AlN,AlN_MP_mp-661.cif,P6_3mc,186,hexagonal,Al-N,fig4/benchmark/results/atomly_core_v3/xerus_native_pilot_v2/work/XRDV3_0080/cifs/AlN_MP_mp-661.cif
OQMD,5837149,AlN,AlN_OQMD_5837149.cif,P6_3mc,186,hexagonal,Al-N,fig4/benchmark/results/atomly_core_v3/xerus_native_pilot_v2/work/XRDV3_0080/cifs/AlN_OQMD_5837149.cif
OQMD,5572685,AlN,AlN_OQMD_5572685.cif,P6_3mc,186,hexagonal,Al-N,fig4/benchmark/results/atomly_core_v3/xerus_native_pilot_v2/work/XRDV3_0080/cifs/AlN_OQMD_5572685.cif
OQMD,5569346,AlN,AlN_OQMD_5569346.cif,F-43m,216,cubic,Al-N,fig4/benchmark/results/atomly_core_v3/xerus_native_pilot_v2/work/XRDV3_0080/cifs/AlN_OQMD_5569346.cif
OQMD,5812039,AlN,AlN_OQMD_5812039.cif,P6_3mc,186,hexagonal,Al-N,fig4/benchmark/results/atomly_core_v3/xerus_native_pilot_v2/work/XRDV3_0080/cifs/AlN_OQMD_5812039.cif
COD,7234258,AlN,AlN_COD_7234258.cif,P6_3mc,186,hexagonal,Al-N,fig4/benchmark/results/atomly_core_v3/xerus_native_pilot_v2/work/XRDV3_0080/cifs/AlN_COD_7234258.cif
COD,1010514,AlN,AlN_COD_1010514.cif,P6_3mc,186,hexagonal,Al-N,fig4/benchmark/results/atomly_core_v3/xerus_native_pilot_v2/work/XRDV3_0080/cifs/AlN_COD_1010514.cif
OQMD,6234351,AlN,AlN_OQMD_6234351.cif,P4_2/mnm,136,tetragonal,Al-N,fig4/benchmark/results/atomly_core_v3/xerus_native_pilot_v2/work/XRDV3_0080/cifs/AlN_OQMD_6234351.cif
COD,1536047,AlN,AlN_COD_1536047.cif,Fm-3m,225,cubic,Al-N,fig4/benchmark/results/atomly_core_v3/xerus_native_pilot_v2/work/XRDV3_0080/cifs/AlN_COD_1536047.cif
OQMD,6236753,AlN,AlN_OQMD_6236753.cif,R3m,160,trigonal,Al-N,fig4/benchmark/results/atomly_core_v3/xerus_native_pilot_v2/work/XRDV3_0080/cifs/AlN_OQMD_6236753.cif
OQMD,6234350,AlN,AlN_OQMD_6234350.cif,P6_3mc,186,hexagonal,Al-N,fig4/benchmark/results/atomly_core_v3/xerus_native_pilot_v2/work/XRDV3_0080/cifs/AlN_OQMD_6234350.cif
COD,9011657,AlN,AlN_COD_9011657.cif,P6_3mc,186,hexagonal,Al-N,fig4/benchmark/results/atomly_core_v3/xerus_native_pilot_v2/work/XRDV3_0080/cifs/AlN_COD_9011657.cif
COD,9008860,AlN,AlN_COD_9008860.cif,P6_3mc,186,hexagonal,Al-N,fig4/benchmark/results/atomly_core_v3/xerus_native_pilot_v2/work/XRDV3_0080/cifs/AlN_COD_9008860.cif
OQMD,5578673,AlN,AlN_OQMD_5578673.cif,F-43m,216,cubic,Al-N,fig4/benchmark/results/atomly_core_v3/xerus_native_pilot_v2/work/XRDV3_0080/cifs/AlN_OQMD_5578673.cif
OQMD,6397394,Ti4N5,Ti4N5_OQMD_6397394.cif,I4/m,87,tetragonal,Ti-N,fig4/benchmark/results/atomly_core_v3/xerus_native_pilot_v2/work/XRDV3_0080/cifs/Ti4N5_OQMD_6397394.cif
OQMD,6358731,Ti9N10,Ti9N10_OQMD_6358731.cif,C2/m,12,monoclinic,Ti-N,fig4/benchmark/results/atomly_core_v3/xerus_native_pilot_v2/work/XRDV3_0080/cifs/Ti9N10_OQMD_6358731.cif
OQMD,6397430,TiN,TiN_OQMD_6397430.cif,Fm-3m,225,cubic,Ti-N,fig4/benchmark/results/atomly_core_v3/xerus_native_pilot_v2/work/XRDV3_0080/cifs/TiN_OQMD_6397430.cif
OQMD,6217257,TiN,TiN_OQMD_6217257.cif,Fm-3m,225,cubic,Ti-N,fig4/benchmark/results/atomly_core_v3/xerus_native_pilot_v2/work/XRDV3_0080/cifs/TiN_OQMD_6217257.cif
MP,mp-8282,Ti2N,Ti2N_MP_mp-8282.cif,P4_2/mnm,136,tetragonal,Ti-N,fig4/benchmark/results/atomly_core_v3/xerus_native_pilot_v2/work/XRDV3_0080/cifs/Ti2N_MP_mp-8282.cif
OQMD,5577848,TiN,TiN_OQMD_5577848.cif,Fm-3m,225,cubic,Ti-N,fig4/benchmark/results/atomly_core_v3/xerus_native_pilot_v2/work/XRDV3_0080/cifs/TiN_OQMD_5577848.cif
OQMD,6186396,TiN,TiN_OQMD_6186396.cif,Fm-3m,225,cubic,Ti-N,fig4/benchmark/results/atomly_core_v3/xerus_native_pilot_v2/work/XRDV3_0080/cifs/TiN_OQMD_6186396.cif
COD,1011099,TiN,TiN_COD_1011099.cif,Fm-3m,225,cubic,Ti-N,fig4/benchmark/results/atomly_core_v3/xerus_native_pilot_v2/work/XRDV3_0080/cifs/TiN_COD_1011099.cif
COD,1100032,Ti9N3.87,Ti9N3.87_COD_1100032.cif,R-3m,166,trigonal,Ti-N,fig4/benchmark/results/atomly_core_v3/xerus_native_pilot_v2/work/XRDV3_0080/cifs/Ti9N3.87_COD_1100032.cif
MP,mp-7790,Ti2N,Ti2N_MP_mp-7790.cif,I4_1/amd,141,tetragonal,Ti-N,fig4/benchmark/results/atomly_core_v3/xerus_native_pilot_v2/work/XRDV3_0080/cifs/Ti2N_MP_mp-7790.cif
COD,1011101,TiN,TiN_COD_1011101.cif,Fm-3m,225,cubic,Ti-N,fig4/benchmark/results/atomly_core_v3/xerus_native_pilot_v2/work/XRDV3_0080/cifs/TiN_COD_1011101.cif
COD,1100031,Ti2N,Ti2N_COD_1100031.cif,P4_2/mnm,136,tetragonal,Ti-N,fig4/benchmark/results/atomly_core_v3/xerus_native_pilot_v2/work/XRDV3_0080/cifs/Ti2N_COD_1100031.cif
OQMD,6100465,Ti3N,Ti3N_OQMD_6100465.cif,P-31c,163,trigonal,Ti-N,fig4/benchmark/results/atomly_core_v3/xerus_native_pilot_v2/work/XRDV3_0080/cifs/Ti3N_OQMD_6100465.cif
COD,1101045,TiN,TiN_COD_1101045.cif,Fm-3m,225,cubic,Ti-N,fig4/benchmark/results/atomly_core_v3/xerus_native_pilot_v2/work/XRDV3_0080/cifs/TiN_COD_1101045.cif
OQMD,6096006,Ti8N5,Ti8N5_OQMD_6096006.cif,R-3m,166,trigonal,Ti-N,fig4/benchmark/results/atomly_core_v3/xerus_native_pilot_v2/work/XRDV3_0080/cifs/Ti8N5_OQMD_6096006.cif
COD,1100041,Ti8N4.88,Ti8N4.88_COD_1100041.cif,I4_1/amd,141,tetragonal,Ti-N,fig4/benchmark/results/atomly_core_v3/xerus_native_pilot_v2/work/XRDV3_0080/cifs/Ti8N4.88_COD_1100041.cif
OQMD,5494008,TiN,TiN_OQMD_5494008.cif,Fm-3m,225,cubic,Ti-N,fig4/benchmark/results/atomly_core_v3/xerus_native_pilot_v2/work/XRDV3_0080/cifs/TiN_OQMD_5494008.cif
OQMD,4071753,Ti2N,Ti2N_OQMD_4071753.cif,P4_2/mnm,136,tetragonal,Ti-N,fig4/benchmark/results/atomly_core_v3/xerus_native_pilot_v2/work/XRDV3_0080/cifs/Ti2N_OQMD_4071753.cif
COD,1101081,TiN,TiN_COD_1101081.cif,Fm-3m,225,cubic,Ti-N,fig4/benchmark/results/atomly_core_v3/xerus_native_pilot_v2/work/XRDV3_0080/cifs/TiN_COD_1101081.cif
COD,1100033,Ti3.84N3.84,Ti3.84N3.84_COD_1100033.cif,Fm-3m,225,cubic,Ti-N,fig4/benchmark/results/atomly_core_v3/xerus_native_pilot_v2/work/XRDV3_0080/cifs/Ti3.84N3.84_COD_1100033.cif
OQMD,6358221,Ti4N3,Ti4N3_OQMD_6358221.cif,C2/m,12,monoclinic,Ti-N,fig4/benchmark/results/atomly_core_v3/xerus_native_pilot_v2/work/XRDV3_0080/cifs/Ti4N3_OQMD_6358221.cif
OQMD,6358339,Ti6N5,Ti6N5_OQMD_6358339.cif,C2/m,12,monoclinic,Ti-N,fig4/benchmark/results/atomly_core_v3/xerus_native_pilot_v2/work/XRDV3_0080/cifs/Ti6N5_OQMD_6358339.cif
OQMD,5578656,TiN,TiN_OQMD_5578656.cif,Fm-3m,225,cubic,Ti-N,fig4/benchmark/results/atomly_core_v3/xerus_native_pilot_v2/work/XRDV3_0080/cifs/TiN_OQMD_5578656.cif
COD,1101047,Ti12N6.996,Ti12N6.996_COD_1101047.cif,R-3m,166,trigonal,Ti-N,fig4/benchmark/results/atomly_core_v3/xerus_native_pilot_v2/work/XRDV3_0080/cifs/Ti12N6.996_COD_1101047.cif
MP,mp-492,TiN,TiN_MP_mp-492.cif,Fm-3m,225,cubic,Ti-N,fig4/benchmark/results/atomly_core_v3/xerus_native_pilot_v2/work/XRDV3_0080/cifs/TiN_MP_mp-492.cif
COD,1011102,TiN,TiN_COD_1011102.cif,Fm-3m,225,cubic,Ti-N,fig4/benchmark/results/atomly_core_v3/xerus_native_pilot_v2/work/XRDV3_0080/cifs/TiN_COD_1011102.cif
OQMD,4812426,Ti3N2,Ti3N2_OQMD_4812426.cif,R-3c,167,trigonal,Ti-N,fig4/benchmark/results/atomly_core_v3/xerus_native_pilot_v2/work/XRDV3_0080/cifs/Ti3N2_OQMD_4812426.cif
COD,1100030,Ti2N,Ti2N_COD_1100030.cif,I4_1/amd,141,tetragonal,Ti-N,fig4/benchmark/results/atomly_core_v3/xerus_native_pilot_v2/work/XRDV3_0080/cifs/Ti2N_COD_1100030.cif
OQMD,6195639,Ti6N5,Ti6N5_OQMD_6195639.cif,C2/m,12,monoclinic,Ti-N,fig4/benchmark/results/atomly_core_v3/xerus_native_pilot_v2/work/XRDV3_0080/cifs/Ti6N5_OQMD_6195639.cif
OQMD,6397393,Ti4N3,Ti4N3_OQMD_6397393.cif,I4/mmm,139,tetragonal,Ti-N,fig4/benchmark/results/atomly_core_v3/xerus_native_pilot_v2/work/XRDV3_0080/cifs/Ti4N3_OQMD_6397393.cif
COD,1538607,Ti9N3.87,Ti9N3.87_COD_1538607.cif,R-3m,166,trigonal,Ti-N,fig4/benchmark/results/atomly_core_v3/xerus_native_pilot_v2/work/XRDV3_0080/cifs/Ti9N3.87_COD_1538607.cif
OQMD,6304126,Ti6N5,Ti6N5_OQMD_6304126.cif,C2/m,12,monoclinic,Ti-N,fig4/benchmark/results/atomly_core_v3/xerus_native_pilot_v2/work/XRDV3_0080/cifs/Ti6N5_OQMD_6304126.cif
COD,1100034,TiN,TiN_COD_1100034.cif,Fm-3m,225,cubic,Ti-N,fig4/benchmark/results/atomly_core_v3/xerus_native_pilot_v2/work/XRDV3_0080/cifs/TiN_COD_1100034.cif
COD,1100036,TiN,TiN_COD_1100036.cif,Fm-3m,225,cubic,Ti-N,fig4/benchmark/results/atomly_core_v3/xerus_native_pilot_v2/work/XRDV3_0080/cifs/TiN_COD_1100036.cif
COD,1011100,Ti3.52N3.52,Ti3.52N3.52_COD_1011100.cif,Fm-3m,225,cubic,Ti-N,fig4/benchmark/results/atomly_core_v3/xerus_native_pilot_v2/work/XRDV3_0080/cifs/Ti3.52N3.52_COD_1011100.cif
COD,1100037,Ti4N3.6,Ti4N3.6_COD_1100037.cif,Fm-3m,225,cubic,Ti-N,fig4/benchmark/results/atomly_core_v3/xerus_native_pilot_v2/work/XRDV3_0080/cifs/Ti4N3.6_COD_1100037.cif
COD,1100029,Ti2N,Ti2N_COD_1100029.cif,I4_1/amd,141,tetragonal,Ti-N,fig4/benchmark/results/atomly_core_v3/xerus_native_pilot_v2/work/XRDV3_0080/cifs/Ti2N_COD_1100029.cif
COD,1011316,TiN,TiN_COD_1011316.cif,Fm-3m,225,cubic,Ti-N,fig4/benchmark/results/atomly_core_v3/xerus_native_pilot_v2/work/XRDV3_0080/cifs/TiN_COD_1011316.cif
OQMD,4072908,Ti2N,Ti2N_OQMD_4072908.cif,I4_1/amd,141,tetragonal,Ti-N,fig4/benchmark/results/atomly_core_v3/xerus_native_pilot_v2/work/XRDV3_0080/cifs/Ti2N_OQMD_4072908.cif
COD,1100039,Ti3.04N4,Ti3.04N4_COD_1100039.cif,Fm-3m,225,cubic,Ti-N,fig4/benchmark/results/atomly_core_v3/xerus_native_pilot_v2/work/XRDV3_0080/cifs/Ti3.04N4_COD_1100039.cif
OQMD,4499052,ZrN,ZrN_OQMD_4499052.cif,R-3m,166,trigonal,Zr-N,fig4/benchmark/results/atomly_core_v3/xerus_native_pilot_v2/work/XRDV3_0080/cifs/ZrN_OQMD_4499052.cif
OQMD,6241070,Zr7N8,Zr7N8_OQMD_6241070.cif,P-1,2,triclinic,Zr-N,fig4/benchmark/results/atomly_core_v3/xerus_native_pilot_v2/work/XRDV3_0080/cifs/Zr7N8_OQMD_6241070.cif
COD,1539259,ZrN,ZrN_COD_1539259.cif,Fm-3m,225,cubic,Zr-N,fig4/benchmark/results/atomly_core_v3/xerus_native_pilot_v2/work/XRDV3_0080/cifs/ZrN_COD_1539259.cif
OQMD,6195393,Zr6N5,Zr6N5_OQMD_6195393.cif,C2/m,12,monoclinic,Zr-N,fig4/benchmark/results/atomly_core_v3/xerus_native_pilot_v2/work/XRDV3_0080/cifs/Zr6N5_OQMD_6195393.cif
OQMD,6358818,Zr9N10,Zr9N10_OQMD_6358818.cif,C2/m,12,monoclinic,Zr-N,fig4/benchmark/results/atomly_core_v3/xerus_native_pilot_v2/work/XRDV3_0080/cifs/Zr9N10_OQMD_6358818.cif
MP,mp-1352,ZrN,ZrN_MP_mp-1352.cif,Fm-3m,225,cubic,Zr-N,fig4/benchmark/results/atomly_core_v3/xerus_native_pilot_v2/work/XRDV3_0080/cifs/ZrN_MP_mp-1352.cif
OQMD,6232004,Zr4N3,Zr4N3_OQMD_6232004.cif,C2/m,12,monoclinic,Zr-N,fig4/benchmark/results/atomly_core_v3/xerus_native_pilot_v2/work/XRDV3_0080/cifs/Zr4N3_OQMD_6232004.cif
OQMD,6235627,Zr4N5,Zr4N5_OQMD_6235627.cif,C2/m,12,monoclinic,Zr-N,fig4/benchmark/results/atomly_core_v3/xerus_native_pilot_v2/work/XRDV3_0080/cifs/Zr4N5_OQMD_6235627.cif
OQMD,6237250,Zr6N5,Zr6N5_OQMD_6237250.cif,C2/m,12,monoclinic,Zr-N,fig4/benchmark/results/atomly_core_v3/xerus_native_pilot_v2/work/XRDV3_0080/cifs/Zr6N5_OQMD_6237250.cif
OQMD,4872255,Zr3N4,Zr3N4_OQMD_4872255.cif,Pnma,62,orthorhombic,Zr-N,fig4/benchmark/results/atomly_core_v3/xerus_native_pilot_v2/work/XRDV3_0080/cifs/Zr3N4_OQMD_4872255.cif
COD,9008778,ZrN,ZrN_COD_9008778.cif,Fm-3m,225,cubic,Zr-N,fig4/benchmark/results/atomly_core_v3/xerus_native_pilot_v2/work/XRDV3_0080/cifs/ZrN_COD_9008778.cif
OQMD,6304402,Zr6N5,Zr6N5_OQMD_6304402.cif,C2/m,12,monoclinic,Zr-N,fig4/benchmark/results/atomly_core_v3/xerus_native_pilot_v2/work/XRDV3_0080/cifs/Zr6N5_OQMD_6304402.cif
OQMD,4505274,Zr3N4,Zr3N4_OQMD_4505274.cif,I-43d,220,cubic,Zr-N,fig4/benchmark/results/atomly_core_v3/xerus_native_pilot_v2/work/XRDV3_0080/cifs/Zr3N4_OQMD_4505274.cif
OQMD,6358684,Zr6N,Zr6N_OQMD_6358684.cif,P-31c,163,trigonal,Zr-N,fig4/benchmark/results/atomly_core_v3/xerus_native_pilot_v2/work/XRDV3_0080/cifs/Zr6N_OQMD_6358684.cif
COD,1538058,ZrN,ZrN_COD_1538058.cif,Fm-3m,225,cubic,Zr-N,fig4/benchmark/results/atomly_core_v3/xerus_native_pilot_v2/work/XRDV3_0080/cifs/ZrN_COD_1538058.cif
COD,1011361,ZrN,ZrN_COD_1011361.cif,Fm-3m,225,cubic,Zr-N,fig4/benchmark/results/atomly_core_v3/xerus_native_pilot_v2/work/XRDV3_0080/cifs/ZrN_COD_1011361.cif
OQMD,4812159,Zr3N2,Zr3N2_OQMD_4812159.cif,R-3c,167,trigonal,Zr-N,fig4/benchmark/results/atomly_core_v3/xerus_native_pilot_v2/work/XRDV3_0080/cifs/Zr3N2_OQMD_4812159.cif
COD,4303939,ZrN,ZrN_COD_4303939.cif,Fm-3m,225,cubic,Zr-N,fig4/benchmark/results/atomly_core_v3/xerus_native_pilot_v2/work/XRDV3_0080/cifs/ZrN_COD_4303939.cif
OQMD,4062318,ZrN,ZrN_OQMD_4062318.cif,Fm-3m,225,cubic,Zr-N,fig4/benchmark/results/atomly_core_v3/xerus_native_pilot_v2/work/XRDV3_0080/cifs/ZrN_OQMD_4062318.cif
OQMD,6226606,Zr3N2,Zr3N2_OQMD_6226606.cif,Immm,71,orthorhombic,Zr-N,fig4/benchmark/results/atomly_core_v3/xerus_native_pilot_v2/work/XRDV3_0080/cifs/Zr3N2_OQMD_6226606.cif
MP,mp-11661,Zr3N4,Zr3N4_MP_mp-11661.cif,I-43d,220,cubic,Zr-N,fig4/benchmark/results/atomly_core_v3/xerus_native_pilot_v2/work/XRDV3_0080/cifs/Zr3N4_MP_mp-11661.cif
COD,1533301,Zr3N4,Zr3N4_COD_1533301.cif,I-43d,220,cubic,Zr-N,fig4/benchmark/results/atomly_core_v3/xerus_native_pilot_v2/work/XRDV3_0080/cifs/Zr3N4_COD_1533301.cif
COD,4303942,ZrN,ZrN_COD_4303942.cif,Fm-3m,225,cubic,Zr-N,fig4/benchmark/results/atomly_core_v3/xerus_native_pilot_v2/work/XRDV3_0080/cifs/ZrN_COD_4303942.cif
OQMD,6229947,Zr2N,Zr2N_OQMD_6229947.cif,P4_2/mnm,136,tetragonal,Zr-N,fig4/benchmark/results/atomly_core_v3/xerus_native_pilot_v2/work/XRDV3_0080/cifs/Zr2N_OQMD_6229947.cif
COD,4303945,ZrN,ZrN_COD_4303945.cif,Fm-3m,225,cubic,Zr-N,fig4/benchmark/results/atomly_core_v3/xerus_native_pilot_v2/work/XRDV3_0080/cifs/ZrN_COD_4303945.cif
OQMD,6397628,Zr2N,Zr2N_OQMD_6397628.cif,I4_1/amd,141,tetragonal,Zr-N,fig4/benchmark/results/atomly_core_v3/xerus_native_pilot_v2/work/XRDV3_0080/cifs/Zr2N_OQMD_6397628.cif
OQMD,5492112,ZrN,ZrN_OQMD_5492112.cif,Fm-3m,225,cubic,Zr-N,fig4/benchmark/results/atomly_core_v3/xerus_native_pilot_v2/work/XRDV3_0080/cifs/ZrN_OQMD_5492112.cif
MP,mp-277,Zr3N4,Zr3N4_MP_mp-277.cif,Pnma,62,orthorhombic,Zr-N,fig4/benchmark/results/atomly_core_v3/xerus_native_pilot_v2/work/XRDV3_0080/cifs/Zr3N4_MP_mp-277.cif
OQMD,4086534,Zr3N4,Zr3N4_OQMD_4086534.cif,Pnma,62,orthorhombic,Zr-N,fig4/benchmark/results/atomly_core_v3/xerus_native_pilot_v2/work/XRDV3_0080/cifs/Zr3N4_OQMD_4086534.cif
OQMD,6246307,Zr15N16,Zr15N16_OQMD_6246307.cif,P-1,2,triclinic,Zr-N,fig4/benchmark/results/atomly_core_v3/xerus_native_pilot_v2/work/XRDV3_0080/cifs/Zr15N16_OQMD_6246307.cif
OQMD,6240933,Zr8N7,Zr8N7_OQMD_6240933.cif,C2/m,12,monoclinic,Zr-N,fig4/benchmark/results/atomly_core_v3/xerus_native_pilot_v2/work/XRDV3_0080/cifs/Zr8N7_OQMD_6240933.cif
OQMD,6219633,Zr2N,Zr2N_OQMD_6219633.cif,P-3m1,164,trigonal,Zr-N,fig4/benchmark/results/atomly_core_v3/xerus_native_pilot_v2/work/XRDV3_0080/cifs/Zr2N_OQMD_6219633.cif
OQMD,6100474,Zr3N,Zr3N_OQMD_6100474.cif,R32,155,trigonal,Zr-N,fig4/benchmark/results/atomly_core_v3/xerus_native_pilot_v2/work/XRDV3_0080/cifs/Zr3N_OQMD_6100474.cif
OQMD,6358404,Zr6N5,Zr6N5_OQMD_6358404.cif,C2/m,12,monoclinic,Zr-N,fig4/benchmark/results/atomly_core_v3/xerus_native_pilot_v2/work/XRDV3_0080/cifs/Zr6N5_OQMD_6358404.cif
OQMD,6397688,ZrN,ZrN_OQMD_6397688.cif,Fm-3m,225,cubic,Zr-N,fig4/benchmark/results/atomly_core_v3/xerus_native_pilot_v2/work/XRDV3_0080/cifs/ZrN_OQMD_6397688.cif
COD,1539488,ZrN,ZrN_COD_1539488.cif,Fm-3m,225,cubic,Zr-N,fig4/benchmark/results/atomly_core_v3/xerus_native_pilot_v2/work/XRDV3_0080/cifs/ZrN_COD_1539488.cif
OQMD,6313087,TiAl,TiAl_OQMD_6313087.cif,I4_1/amd,141,tetragonal,Ti-Al,fig4/benchmark/results/atomly_core_v3/xerus_native_pilot_v2/work/XRDV3_0080/cifs/TiAl_OQMD_6313087.cif
OQMD,5080725,Ti5Al,Ti5Al_OQMD_5080725.cif,P-62m,189,hexagonal,Ti-Al,fig4/benchmark/results/atomly_core_v3/xerus_native_pilot_v2/work/XRDV3_0080/cifs/Ti5Al_OQMD_5080725.cif
OQMD,4842534,TiAl3,TiAl3_OQMD_4842534.cif,I4/mmm,139,tetragonal,Ti-Al,fig4/benchmark/results/atomly_core_v3/xerus_native_pilot_v2/work/XRDV3_0080/cifs/TiAl3_OQMD_4842534.cif
OQMD,4073238,TiAl2,TiAl2_OQMD_4073238.cif,Cmmm,65,orthorhombic,Ti-Al,fig4/benchmark/results/atomly_core_v3/xerus_native_pilot_v2/work/XRDV3_0080/cifs/TiAl2_OQMD_4073238.cif
OQMD,6394733,Ti5Al,Ti5Al_OQMD_6394733.cif,P-62m,189,hexagonal,Ti-Al,fig4/benchmark/results/atomly_core_v3/xerus_native_pilot_v2/work/XRDV3_0080/cifs/Ti5Al_OQMD_6394733.cif
OQMD,4067433,TiAl3,TiAl3_OQMD_4067433.cif,Pm-3m,221,cubic,Ti-Al,fig4/benchmark/results/atomly_core_v3/xerus_native_pilot_v2/work/XRDV3_0080/cifs/TiAl3_OQMD_4067433.cif
MP,mp-11809,TiAl2,TiAl2_MP_mp-11809.cif,Cmmm,65,orthorhombic,Ti-Al,fig4/benchmark/results/atomly_core_v3/xerus_native_pilot_v2/work/XRDV3_0080/cifs/TiAl2_MP_mp-11809.cif
COD,1548618,TiAl,TiAl_COD_1548618.cif,Pm-3m,221,cubic,Ti-Al,fig4/benchmark/results/atomly_core_v3/xerus_native_pilot_v2/work/XRDV3_0080/cifs/TiAl_COD_1548618.cif
OQMD,6397398,TiAl3,TiAl3_OQMD_6397398.cif,I4/mmm,139,tetragonal,Ti-Al,fig4/benchmark/results/atomly_core_v3/xerus_native_pilot_v2/work/XRDV3_0080/cifs/TiAl3_OQMD_6397398.cif
COD,1528044,Ti8.001Al19.999,Ti8.001Al19.999_COD_1528044.cif,P4/mmm,123,tetragonal,Ti-Al,fig4/benchmark/results/atomly_core_v3/xerus_native_pilot_v2/work/XRDV3_0080/cifs/Ti8.001Al19.999_COD_1528044.cif
OQMD,5860376,TiAl3,TiAl3_OQMD_5860376.cif,I4/mmm,139,tetragonal,Ti-Al,fig4/benchmark/results/atomly_core_v3/xerus_native_pilot_v2/work/XRDV3_0080/cifs/TiAl3_OQMD_5860376.cif
OQMD,6217847,TiAl,TiAl_OQMD_6217847.cif,P4/mmm,123,tetragonal,Ti-Al,fig4/benchmark/results/atomly_core_v3/xerus_native_pilot_v2/work/XRDV3_0080/cifs/TiAl_OQMD_6217847.cif
OQMD,5719240,TiAl3,TiAl3_OQMD_5719240.cif,I4/mmm,139,tetragonal,Ti-Al,fig4/benchmark/results/atomly_core_v3/xerus_native_pilot_v2/work/XRDV3_0080/cifs/TiAl3_OQMD_5719240.cif
COD,1532769,TiAl,TiAl_COD_1532769.cif,P4/mmm,123,tetragonal,Ti-Al,fig4/benchmark/results/atomly_core_v3/xerus_native_pilot_v2/work/XRDV3_0080/cifs/TiAl_COD_1532769.cif
OQMD,6397382,Ti3Al,Ti3Al_OQMD_6397382.cif,Pm-3m,221,cubic,Ti-Al,fig4/benchmark/results/atomly_core_v3/xerus_native_pilot_v2/work/XRDV3_0080/cifs/Ti3Al_OQMD_6397382.cif
OQMD,4173069,TiAl3,TiAl3_OQMD_4173069.cif,Pm-3m,221,cubic,Ti-Al,fig4/benchmark/results/atomly_core_v3/xerus_native_pilot_v2/work/XRDV3_0080/cifs/TiAl3_OQMD_4173069.cif
OQMD,6397397,TiAl,TiAl_OQMD_6397397.cif,P4/mmm,123,tetragonal,Ti-Al,fig4/benchmark/results/atomly_core_v3/xerus_native_pilot_v2/work/XRDV3_0080/cifs/TiAl_OQMD_6397397.cif
OQMD,4079613,Ti3Al,Ti3Al_OQMD_4079613.cif,P6_3/mmc,194,hexagonal,Ti-Al,fig4/benchmark/results/atomly_core_v3/xerus_native_pilot_v2/work/XRDV3_0080/cifs/Ti3Al_OQMD_4079613.cif
COD,1545054,Ti3Al,Ti3Al_COD_1545054.cif,P6_3/mmc,194,hexagonal,Ti-Al,fig4/benchmark/results/atomly_core_v3/xerus_native_pilot_v2/work/XRDV3_0080/cifs/Ti3Al_COD_1545054.cif
OQMD,5860283,TiAl,TiAl_OQMD_5860283.cif,P4/mmm,123,tetragonal,Ti-Al,fig4/benchmark/results/atomly_core_v3/xerus_native_pilot_v2/work/XRDV3_0080/cifs/TiAl_OQMD_5860283.cif
OQMD,6086300,Ti4Al3,Ti4Al3_OQMD_6086300.cif,P6/mmm,191,hexagonal,Ti-Al,fig4/benchmark/results/atomly_core_v3/xerus_native_pilot_v2/work/XRDV3_0080/cifs/Ti4Al3_OQMD_6086300.cif
OQMD,5870189,Ti2Al,Ti2Al_OQMD_5870189.cif,P4_2/mnm,136,tetragonal,Ti-Al,fig4/benchmark/results/atomly_core_v3/xerus_native_pilot_v2/work/XRDV3_0080/cifs/Ti2Al_OQMD_5870189.cif
COD,1545053,TiAl,TiAl_COD_1545053.cif,P4/mmm,123,tetragonal,Ti-Al,fig4/benchmark/results/atomly_core_v3/xerus_native_pilot_v2/work/XRDV3_0080/cifs/TiAl_COD_1545053.cif
OQMD,5161824,Ti2Al,Ti2Al_OQMD_5161824.cif,Cmcm,63,orthorhombic,Ti-Al,fig4/benchmark/results/atomly_core_v3/xerus_native_pilot_v2/work/XRDV3_0080/cifs/Ti2Al_OQMD_5161824.cif
OQMD,5719466,TiAl3,TiAl3_OQMD_5719466.cif,I4/mmm,139,tetragonal,Ti-Al,fig4/benchmark/results/atomly_core_v3/xerus_native_pilot_v2/work/XRDV3_0080/cifs/TiAl3_OQMD_5719466.cif
OQMD,5162265,Ti2Al,Ti2Al_OQMD_5162265.cif,Cmcm,63,orthorhombic,Ti-Al,fig4/benchmark/results/atomly_core_v3/xerus_native_pilot_v2/work/XRDV3_0080/cifs/Ti2Al_OQMD_5162265.cif
OQMD,5860261,Ti3Al,Ti3Al_OQMD_5860261.cif,I4/mmm,139,tetragonal,Ti-Al,fig4/benchmark/results/atomly_core_v3/xerus_native_pilot_v2/work/XRDV3_0080/cifs/Ti3Al_OQMD_5860261.cif
OQMD,5789060,Ti2Al,Ti2Al_OQMD_5789060.cif,P6_3/mmc,194,hexagonal,Ti-Al,fig4/benchmark/results/atomly_core_v3/xerus_native_pilot_v2/work/XRDV3_0080/cifs/Ti2Al_OQMD_5789060.cif
OQMD,6222916,TiAl,TiAl_OQMD_6222916.cif,Pmma,51,orthorhombic,Ti-Al,fig4/benchmark/results/atomly_core_v3/xerus_native_pilot_v2/work/XRDV3_0080/cifs/TiAl_OQMD_6222916.cif
MP,mp-567705,TiAl2,TiAl2_MP_mp-567705.cif,I4_1/amd,141,tetragonal,Ti-Al,fig4/benchmark/results/atomly_core_v3/xerus_native_pilot_v2/work/XRDV3_0080/cifs/TiAl2_MP_mp-567705.cif
OQMD,5719238,TiAl3,TiAl3_OQMD_5719238.cif,I4/mmm,139,tetragonal,Ti-Al,fig4/benchmark/results/atomly_core_v3/xerus_native_pilot_v2/work/XRDV3_0080/cifs/TiAl3_OQMD_5719238.cif
OQMD,5228760,Ti4Al3,Ti4Al3_OQMD_5228760.cif,P6_3/m,176,hexagonal,Ti-Al,fig4/benchmark/results/atomly_core_v3/xerus_native_pilot_v2/work/XRDV3_0080/cifs/Ti4Al3_OQMD_5228760.cif
OQMD,5860159,TiAl3,TiAl3_OQMD_5860159.cif,I4/mmm,139,tetragonal,Ti-Al,fig4/benchmark/results/atomly_core_v3/xerus_native_pilot_v2/work/XRDV3_0080/cifs/TiAl3_OQMD_5860159.cif
COD,1532767,Ti3Al,Ti3Al_COD_1532767.cif,P6_3/mmc,194,hexagonal,Ti-Al,fig4/benchmark/results/atomly_core_v3/xerus_native_pilot_v2/work/XRDV3_0080/cifs/Ti3Al_COD_1532767.cif
OQMD,4061520,TiAl,TiAl_OQMD_4061520.cif,P4/mmm,123,tetragonal,Ti-Al,fig4/benchmark/results/atomly_core_v3/xerus_native_pilot_v2/work/XRDV3_0080/cifs/TiAl_OQMD_4061520.cif
OQMD,4062225,TiAl,TiAl_OQMD_4062225.cif,P4/mmm,123,tetragonal,Ti-Al,fig4/benchmark/results/atomly_core_v3/xerus_native_pilot_v2/work/XRDV3_0080/cifs/TiAl_OQMD_4062225.cif
COD,1528046,Ti5Al11,Ti5Al11_COD_1528046.cif,I4/mmm,139,tetragonal,Ti-Al,fig4/benchmark/results/atomly_core_v3/xerus_native_pilot_v2/work/XRDV3_0080/cifs/Ti5Al11_COD_1528046.cif
OQMD,5085123,TiAl,TiAl_OQMD_5085123.cif,Pnma,62,orthorhombic,Ti-Al,fig4/benchmark/results/atomly_core_v3/xerus_native_pilot_v2/work/XRDV3_0080/cifs/TiAl_OQMD_5085123.cif
OQMD,5719662,TiAl3,TiAl3_OQMD_5719662.cif,I4/mmm,139,tetragonal,Ti-Al,fig4/benchmark/results/atomly_core_v3/xerus_native_pilot_v2/work/XRDV3_0080/cifs/TiAl3_OQMD_5719662.cif
OQMD,6397359,Ti2Al3,Ti2Al3_OQMD_6397359.cif,P4/m,83,tetragonal,Ti-Al,fig4/benchmark/results/atomly_core_v3/xerus_native_pilot_v2/work/XRDV3_0080/cifs/Ti2Al3_OQMD_6397359.cif
COD,1528043,TiAl2,TiAl2_COD_1528043.cif,Cmmm,65,orthorhombic,Ti-Al,fig4/benchmark/results/atomly_core_v3/xerus_native_pilot_v2/work/XRDV3_0080/cifs/TiAl2_COD_1528043.cif
OQMD,5719476,TiAl3,TiAl3_OQMD_5719476.cif,I4/mmm,139,tetragonal,Ti-Al,fig4/benchmark/results/atomly_core_v3/xerus_native_pilot_v2/work/XRDV3_0080/cifs/TiAl3_OQMD_5719476.cif
OQMD,5828456,Ti2Al3,Ti2Al3_OQMD_5828456.cif,P4/m,83,tetragonal,Ti-Al,fig4/benchmark/results/atomly_core_v3/xerus_native_pilot_v2/work/XRDV3_0080/cifs/Ti2Al3_OQMD_5828456.cif
OQMD,4104621,TiAl2,TiAl2_OQMD_4104621.cif,I4_1/amd,141,tetragonal,Ti-Al,fig4/benchmark/results/atomly_core_v3/xerus_native_pilot_v2/work/XRDV3_0080/cifs/TiAl2_OQMD_4104621.cif
MP,mp-1823,Ti3Al,Ti3Al_MP_mp-1823.cif,P6_3/mmc,194,hexagonal,Ti-Al,fig4/benchmark/results/atomly_core_v3/xerus_native_pilot_v2/work/XRDV3_0080/cifs/Ti3Al_MP_mp-1823.cif
OQMD,5719465,TiAl3,TiAl3_OQMD_5719465.cif,I4/mmm,139,tetragonal,Ti-Al,fig4/benchmark/results/atomly_core_v3/xerus_native_pilot_v2/work/XRDV3_0080/cifs/TiAl3_OQMD_5719465.cif
OQMD,4066413,TiAl3,TiAl3_OQMD_4066413.cif,I4/mmm,139,tetragonal,Ti-Al,fig4/benchmark/results/atomly_core_v3/xerus_native_pilot_v2/work/XRDV3_0080/cifs/TiAl3_OQMD_4066413.cif
OQMD,5568745,TiAl,TiAl_OQMD_5568745.cif,Pmma,51,orthorhombic,Ti-Al,fig4/benchmark/results/atomly_core_v3/xerus_native_pilot_v2/work/XRDV3_0080/cifs/TiAl_OQMD_5568745.cif
OQMD,4789515,TiAl,TiAl_OQMD_4789515.cif,P4/mmm,123,tetragonal,Ti-Al,fig4/benchmark/results/atomly_core_v3/xerus_native_pilot_v2/work/XRDV3_0080/cifs/TiAl_OQMD_4789515.cif
OQMD,5578051,TiAl,TiAl_OQMD_5578051.cif,P4/mmm,123,tetragonal,Ti-Al,fig4/benchmark/results/atomly_core_v3/xerus_native_pilot_v2/work/XRDV3_0080/cifs/TiAl_OQMD_5578051.cif
OQMD,4156089,Ti3Al,Ti3Al_OQMD_4156089.cif,P6_3/mmc,194,hexagonal,Ti-Al,fig4/benchmark/results/atomly_core_v3/xerus_native_pilot_v2/work/XRDV3_0080/cifs/Ti3Al_OQMD_4156089.cif
COD,1528045,Ti1.5Al2.5,Ti1.5Al2.5_COD_1528045.cif,Pmmm,47,orthorhombic,Ti-Al,fig4/benchmark/results/atomly_core_v3/xerus_native_pilot_v2/work/XRDV3_0080/cifs/Ti1.5Al2.5_COD_1528045.cif
OQMD,5152974,Ti3Al,Ti3Al_OQMD_5152974.cif,P6_3/mmc,194,hexagonal,Ti-Al,fig4/benchmark/results/atomly_core_v3/xerus_native_pilot_v2/work/XRDV3_0080/cifs/Ti3Al_OQMD_5152974.cif
OQMD,5719475,TiAl3,TiAl3_OQMD_5719475.cif,I4/mmm,139,tetragonal,Ti-Al,fig4/benchmark/results/atomly_core_v3/xerus_native_pilot_v2/work/XRDV3_0080/cifs/TiAl3_OQMD_5719475.cif
MP,mp-1953,TiAl,TiAl_MP_mp-1953.cif,P4/mmm,123,tetragonal,Ti-Al,fig4/benchmark/results/atomly_core_v3/xerus_native_pilot_v2/work/XRDV3_0080/cifs/TiAl_MP_mp-1953.cif
OQMD,4836540,Ti3Al,Ti3Al_OQMD_4836540.cif,I4/mmm,139,tetragonal,Ti-Al,fig4/benchmark/results/atomly_core_v3/xerus_native_pilot_v2/work/XRDV3_0080/cifs/Ti3Al_OQMD_4836540.cif
OQMD,5578050,TiAl,TiAl_OQMD_5578050.cif,Pmma,51,orthorhombic,Ti-Al,fig4/benchmark/results/atomly_core_v3/xerus_native_pilot_v2/work/XRDV3_0080/cifs/TiAl_OQMD_5578050.cif
OQMD,6118232,Ti2Al3,Ti2Al3_OQMD_6118232.cif,Fdd2,43,orthorhombic,Ti-Al,fig4/benchmark/results/atomly_core_v3/xerus_native_pilot_v2/work/XRDV3_0080/cifs/Ti2Al3_OQMD_6118232.cif
OQMD,6234914,Ti3Al,Ti3Al_OQMD_6234914.cif,Pmmn,59,orthorhombic,Ti-Al,fig4/benchmark/results/atomly_core_v3/xerus_native_pilot_v2/work/XRDV3_0080/cifs/Ti3Al_OQMD_6234914.cif
OQMD,6397383,Ti3Al5,Ti3Al5_OQMD_6397383.cif,I4/mmm,139,tetragonal,Ti-Al,fig4/benchmark/results/atomly_core_v3/xerus_native_pilot_v2/work/XRDV3_0080/cifs/Ti3Al5_OQMD_6397383.cif
OQMD,4514967,TiAl,TiAl_OQMD_4514967.cif,P4/mmm,123,tetragonal,Ti-Al,fig4/benchmark/results/atomly_core_v3/xerus_native_pilot_v2/work/XRDV3_0080/cifs/TiAl_OQMD_4514967.cif
OQMD,5085144,Ti3Al,Ti3Al_OQMD_5085144.cif,Pmmn,59,orthorhombic,Ti-Al,fig4/benchmark/results/atomly_core_v3/xerus_native_pilot_v2/work/XRDV3_0080/cifs/Ti3Al_OQMD_5085144.cif
OQMD,4797054,Ti3Al,Ti3Al_OQMD_4797054.cif,Pm-3m,221,cubic,Ti-Al,fig4/benchmark/results/atomly_core_v3/xerus_native_pilot_v2/work/XRDV3_0080/cifs/Ti3Al_OQMD_4797054.cif
MP,mp-542915,TiAl3,TiAl3_MP_mp-542915.cif,I4/mmm,139,tetragonal,Ti-Al,fig4/benchmark/results/atomly_core_v3/xerus_native_pilot_v2/work/XRDV3_0080/cifs/TiAl3_MP_mp-542915.cif
OQMD,4790151,TiAl,TiAl_OQMD_4790151.cif,P4/mmm,123,tetragonal,Ti-Al,fig4/benchmark/results/atomly_core_v3/xerus_native_pilot_v2/work/XRDV3_0080/cifs/TiAl_OQMD_4790151.cif
OQMD,5860170,TiAl,TiAl_OQMD_5860170.cif,P4/mmm,123,tetragonal,Ti-Al,fig4/benchmark/results/atomly_core_v3/xerus_native_pilot_v2/work/XRDV3_0080/cifs/TiAl_OQMD_5860170.cif
COD,1539858,Ti1.5Al2.5,Ti1.5Al2.5_COD_1539858.cif,P4/mmm,123,tetragonal,Ti-Al,fig4/benchmark/results/atomly_core_v3/xerus_native_pilot_v2/work/XRDV3_0080/cifs/Ti1.5Al2.5_COD_1539858.cif
OQMD,5860338,Ti3Al,Ti3Al_OQMD_5860338.cif,I4/mmm,139,tetragonal,Ti-Al,fig4/benchmark/results/atomly_core_v3/xerus_native_pilot_v2/work/XRDV3_0080/cifs/Ti3Al_OQMD_5860338.cif
OQMD,4078590,Zr4Al3,Zr4Al3_OQMD_4078590.cif,P6/mmm,191,hexagonal,Zr-Al,fig4/benchmark/results/atomly_core_v3/xerus_native_pilot_v2/work/XRDV3_0080/cifs/Zr4Al3_OQMD_4078590.cif
OQMD,6235080,Zr3Al,Zr3Al_OQMD_6235080.cif,Pmmn,59,orthorhombic,Zr-Al,fig4/benchmark/results/atomly_core_v3/xerus_native_pilot_v2/work/XRDV3_0080/cifs/Zr3Al_OQMD_6235080.cif
OQMD,4817277,Zr5Al3,Zr5Al3_OQMD_4817277.cif,I4/mcm,140,tetragonal,Zr-Al,fig4/benchmark/results/atomly_core_v3/xerus_native_pilot_v2/work/XRDV3_0080/cifs/Zr5Al3_OQMD_4817277.cif
OQMD,5578322,ZrAl,ZrAl_OQMD_5578322.cif,P4/mmm,123,tetragonal,Zr-Al,fig4/benchmark/results/atomly_core_v3/xerus_native_pilot_v2/work/XRDV3_0080/cifs/ZrAl_OQMD_5578322.cif
OQMD,4075632,Zr2Al,Zr2Al_OQMD_4075632.cif,P6_3/mmc,194,hexagonal,Zr-Al,fig4/benchmark/results/atomly_core_v3/xerus_native_pilot_v2/work/XRDV3_0080/cifs/Zr2Al_OQMD_4075632.cif
OQMD,6397653,ZrAl2,ZrAl2_OQMD_6397653.cif,Fd-3m,227,cubic,Zr-Al,fig4/benchmark/results/atomly_core_v3/xerus_native_pilot_v2/work/XRDV3_0080/cifs/ZrAl2_OQMD_6397653.cif
MP,mp-1471,Zr3Al,Zr3Al_MP_mp-1471.cif,Pm-3m,221,cubic,Zr-Al,fig4/benchmark/results/atomly_core_v3/xerus_native_pilot_v2/work/XRDV3_0080/cifs/Zr3Al_MP_mp-1471.cif
MP,mp-570774,Zr5Al4,Zr5Al4_MP_mp-570774.cif,P6_3/mcm,193,hexagonal,Zr-Al,fig4/benchmark/results/atomly_core_v3/xerus_native_pilot_v2/work/XRDV3_0080/cifs/Zr5Al4_MP_mp-570774.cif
OQMD,4787202,Zr5Al4,Zr5Al4_OQMD_4787202.cif,P6_3/mcm,193,hexagonal,Zr-Al,fig4/benchmark/results/atomly_core_v3/xerus_native_pilot_v2/work/XRDV3_0080/cifs/Zr5Al4_OQMD_4787202.cif
OQMD,4082040,Zr3Al,Zr3Al_OQMD_4082040.cif,Pm-3m,221,cubic,Zr-Al,fig4/benchmark/results/atomly_core_v3/xerus_native_pilot_v2/work/XRDV3_0080/cifs/Zr3Al_OQMD_4082040.cif
OQMD,5090457,Zr3Al,Zr3Al_OQMD_5090457.cif,P6_3/mmc,194,hexagonal,Zr-Al,fig4/benchmark/results/atomly_core_v3/xerus_native_pilot_v2/work/XRDV3_0080/cifs/Zr3Al_OQMD_5090457.cif
OQMD,4818939,Zr3Al2,Zr3Al2_OQMD_4818939.cif,P4_2/mnm,136,tetragonal,Zr-Al,fig4/benchmark/results/atomly_core_v3/xerus_native_pilot_v2/work/XRDV3_0080/cifs/Zr3Al2_OQMD_4818939.cif
OQMD,4836681,ZrAl3,ZrAl3_OQMD_4836681.cif,I4/mmm,139,tetragonal,Zr-Al,fig4/benchmark/results/atomly_core_v3/xerus_native_pilot_v2/work/XRDV3_0080/cifs/ZrAl3_OQMD_4836681.cif
OQMD,4089666,Zr2Al3,Zr2Al3_OQMD_4089666.cif,Fdd2,43,orthorhombic,Zr-Al,fig4/benchmark/results/atomly_core_v3/xerus_native_pilot_v2/work/XRDV3_0080/cifs/Zr2Al3_OQMD_4089666.cif
COD,2100751,ZrAl3,ZrAl3_COD_2100751.cif,I4/mmm,139,tetragonal,Zr-Al,fig4/benchmark/results/atomly_core_v3/xerus_native_pilot_v2/work/XRDV3_0080/cifs/ZrAl3_COD_2100751.cif
MP,mp-11233,ZrAl,ZrAl_MP_mp-11233.cif,Cmcm,63,orthorhombic,Zr-Al,fig4/benchmark/results/atomly_core_v3/xerus_native_pilot_v2/work/XRDV3_0080/cifs/ZrAl_MP_mp-11233.cif
OQMD,6397641,Zr3Al,Zr3Al_OQMD_6397641.cif,P6_3/mmc,194,hexagonal,Zr-Al,fig4/benchmark/results/atomly_core_v3/xerus_native_pilot_v2/work/XRDV3_0080/cifs/Zr3Al_OQMD_6397641.cif
OQMD,5948216,ZrAl2,ZrAl2_OQMD_5948216.cif,Fd-3m,227,cubic,Zr-Al,fig4/benchmark/results/atomly_core_v3/xerus_native_pilot_v2/work/XRDV3_0080/cifs/ZrAl2_OQMD_5948216.cif
MP,mp-2772,ZrAl2,ZrAl2_MP_mp-2772.cif,P6_3/mmc,194,hexagonal,Zr-Al,fig4/benchmark/results/atomly_core_v3/xerus_native_pilot_v2/work/XRDV3_0080/cifs/ZrAl2_MP_mp-2772.cif
OQMD,6397654,ZrAl3,ZrAl3_OQMD_6397654.cif,I4/mmm,139,tetragonal,Zr-Al,fig4/benchmark/results/atomly_core_v3/xerus_native_pilot_v2/work/XRDV3_0080/cifs/ZrAl3_OQMD_6397654.cif
OQMD,6298532,Zr2Al3,Zr2Al3_OQMD_6298532.cif,P4/m,83,tetragonal,Zr-Al,fig4/benchmark/results/atomly_core_v3/xerus_native_pilot_v2/work/XRDV3_0080/cifs/Zr2Al3_OQMD_6298532.cif
OQMD,4095852,ZrAl2,ZrAl2_OQMD_4095852.cif,P6_3/mmc,194,hexagonal,Zr-Al,fig4/benchmark/results/atomly_core_v3/xerus_native_pilot_v2/work/XRDV3_0080/cifs/ZrAl2_OQMD_4095852.cif
OQMD,6094567,ZrAl2,ZrAl2_OQMD_6094567.cif,I4_1/amd,141,tetragonal,Zr-Al,fig4/benchmark/results/atomly_core_v3/xerus_native_pilot_v2/work/XRDV3_0080/cifs/ZrAl2_OQMD_6094567.cif
OQMD,5966959,ZrAl2,ZrAl2_OQMD_5966959.cif,P6_3/mmc,194,hexagonal,Zr-Al,fig4/benchmark/results/atomly_core_v3/xerus_native_pilot_v2/work/XRDV3_0080/cifs/ZrAl2_OQMD_5966959.cif
MP,mp-16724,Zr5Al3,Zr5Al3_MP_mp-16724.cif,I4/mcm,140,tetragonal,Zr-Al,fig4/benchmark/results/atomly_core_v3/xerus_native_pilot_v2/work/XRDV3_0080/cifs/Zr5Al3_MP_mp-16724.cif
OQMD,4517337,ZrAl,ZrAl_OQMD_4517337.cif,P4/mmm,123,tetragonal,Zr-Al,fig4/benchmark/results/atomly_core_v3/xerus_native_pilot_v2/work/XRDV3_0080/cifs/ZrAl_OQMD_4517337.cif
OQMD,4078947,ZrAl3,ZrAl3_OQMD_4078947.cif,I4/mmm,139,tetragonal,Zr-Al,fig4/benchmark/results/atomly_core_v3/xerus_native_pilot_v2/work/XRDV3_0080/cifs/ZrAl3_OQMD_4078947.cif
OQMD,4069878,ZrAl,ZrAl_OQMD_4069878.cif,Cmcm,63,orthorhombic,Zr-Al,fig4/benchmark/results/atomly_core_v3/xerus_native_pilot_v2/work/XRDV3_0080/cifs/ZrAl_OQMD_4069878.cif
MP,mp-2557,Zr2Al,Zr2Al_MP_mp-2557.cif,P6_3/mmc,194,hexagonal,Zr-Al,fig4/benchmark/results/atomly_core_v3/xerus_native_pilot_v2/work/XRDV3_0080/cifs/Zr2Al_MP_mp-2557.cif
OQMD,6091071,Zr3Al2,Zr3Al2_OQMD_6091071.cif,P4/mbm,127,tetragonal,Zr-Al,fig4/benchmark/results/atomly_core_v3/xerus_native_pilot_v2/work/XRDV3_0080/cifs/Zr3Al2_OQMD_6091071.cif
MP,mp-1482,Zr2Al3,Zr2Al3_MP_mp-1482.cif,Fdd2,43,orthorhombic,Zr-Al,fig4/benchmark/results/atomly_core_v3/xerus_native_pilot_v2/work/XRDV3_0080/cifs/Zr2Al3_MP_mp-1482.cif
OQMD,5088528,Zr3Al,Zr3Al_OQMD_5088528.cif,Pmmn,59,orthorhombic,Zr-Al,fig4/benchmark/results/atomly_core_v3/xerus_native_pilot_v2/work/XRDV3_0080/cifs/Zr3Al_OQMD_5088528.cif
OQMD,4838307,Zr3Al,Zr3Al_OQMD_4838307.cif,P6_3/mmc,194,hexagonal,Zr-Al,fig4/benchmark/results/atomly_core_v3/xerus_native_pilot_v2/work/XRDV3_0080/cifs/Zr3Al_OQMD_4838307.cif
COD,1527746,ZrAl3,ZrAl3_COD_1527746.cif,I4/mmm,139,tetragonal,Zr-Al,fig4/benchmark/results/atomly_core_v3/xerus_native_pilot_v2/work/XRDV3_0080/cifs/ZrAl3_COD_1527746.cif
MP,mp-569775,ZrAl3,ZrAl3_MP_mp-569775.cif,Pm-3m,221,cubic,Zr-Al,fig4/benchmark/results/atomly_core_v3/xerus_native_pilot_v2/work/XRDV3_0080/cifs/ZrAl3_MP_mp-569775.cif
OQMD,5093487,Zr3Al,Zr3Al_OQMD_5093487.cif,Cmcm,63,orthorhombic,Zr-Al,fig4/benchmark/results/atomly_core_v3/xerus_native_pilot_v2/work/XRDV3_0080/cifs/Zr3Al_OQMD_5093487.cif
MP,mp-12752,Zr4Al3,Zr4Al3_MP_mp-12752.cif,P6/mmm,191,hexagonal,Zr-Al,fig4/benchmark/results/atomly_core_v3/xerus_native_pilot_v2/work/XRDV3_0080/cifs/Zr4Al3_MP_mp-12752.cif
MP,mp-2044,Zr5Al3,Zr5Al3_MP_mp-2044.cif,P6_3/mcm,193,hexagonal,Zr-Al,fig4/benchmark/results/atomly_core_v3/xerus_native_pilot_v2/work/XRDV3_0080/cifs/Zr5Al3_MP_mp-2044.cif
COD,2100752,ZrAl3,ZrAl3_COD_2100752.cif,I4/mmm,139,tetragonal,Zr-Al,fig4/benchmark/results/atomly_core_v3/xerus_native_pilot_v2/work/XRDV3_0080/cifs/ZrAl3_COD_2100752.cif
OQMD,4077159,Zr4Al3,Zr4Al3_OQMD_4077159.cif,P6/mmm,191,hexagonal,Zr-Al,fig4/benchmark/results/atomly_core_v3/xerus_native_pilot_v2/work/XRDV3_0080/cifs/Zr4Al3_OQMD_4077159.cif
OQMD,4066215,ZrAl3,ZrAl3_OQMD_4066215.cif,Pm-3m,221,cubic,Zr-Al,fig4/benchmark/results/atomly_core_v3/xerus_native_pilot_v2/work/XRDV3_0080/cifs/ZrAl3_OQMD_4066215.cif
COD,1527791,Zr3Al,Zr3Al_COD_1527791.cif,Pm-3m,221,cubic,Zr-Al,fig4/benchmark/results/atomly_core_v3/xerus_native_pilot_v2/work/XRDV3_0080/cifs/Zr3Al_COD_1527791.cif
OQMD,4798326,Zr3Al,Zr3Al_OQMD_4798326.cif,Pm-3m,221,cubic,Zr-Al,fig4/benchmark/results/atomly_core_v3/xerus_native_pilot_v2/work/XRDV3_0080/cifs/Zr3Al_OQMD_4798326.cif
MP,mp-395,ZrAl3,ZrAl3_MP_mp-395.cif,I4/mmm,139,tetragonal,Zr-Al,fig4/benchmark/results/atomly_core_v3/xerus_native_pilot_v2/work/XRDV3_0080/cifs/ZrAl3_MP_mp-395.cif
OQMD,6220325,ZrAl3,ZrAl3_OQMD_6220325.cif,I4/mmm,139,tetragonal,Zr-Al,fig4/benchmark/results/atomly_core_v3/xerus_native_pilot_v2/work/XRDV3_0080/cifs/ZrAl3_OQMD_6220325.cif
MP,mp-13470,Zr3Al2,Zr3Al2_MP_mp-13470.cif,P4_2/mnm,136,tetragonal,Zr-Al,fig4/benchmark/results/atomly_core_v3/xerus_native_pilot_v2/work/XRDV3_0080/cifs/Zr3Al2_MP_mp-13470.cif
OQMD,4837722,Zr3Al,Zr3Al_OQMD_4837722.cif,I4/mmm,139,tetragonal,Zr-Al,fig4/benchmark/results/atomly_core_v3/xerus_native_pilot_v2/work/XRDV3_0080/cifs/Zr3Al_OQMD_4837722.cif
OQMD,4799046,ZrAl3,ZrAl3_OQMD_4799046.cif,Pm-3m,221,cubic,Zr-Al,fig4/benchmark/results/atomly_core_v3/xerus_native_pilot_v2/work/XRDV3_0080/cifs/ZrAl3_OQMD_4799046.cif
OQMD,5974436,ZrAl2,ZrAl2_OQMD_5974436.cif,P6_3/mmc,194,hexagonal,Zr-Al,fig4/benchmark/results/atomly_core_v3/xerus_native_pilot_v2/work/XRDV3_0080/cifs/ZrAl2_OQMD_5974436.cif
MP,mp-12773,Zr2Al,Zr2Al_MP_mp-12773.cif,I4/mcm,140,tetragonal,Zr-Al,fig4/benchmark/results/atomly_core_v3/xerus_native_pilot_v2/work/XRDV3_0080/cifs/Zr2Al_MP_mp-12773.cif
OQMD,5362750,ZrTi,ZrTi_OQMD_5362750.cif,Pbcm,57,orthorhombic,Zr-Ti,fig4/benchmark/results/atomly_core_v3/xerus_native_pilot_v2/work/XRDV3_0080/cifs/ZrTi_OQMD_5362750.cif
OQMD,5152932,Zr2Ti,Zr2Ti_OQMD_5152932.cif,P-62m,189,hexagonal,Zr-Ti,fig4/benchmark/results/atomly_core_v3/xerus_native_pilot_v2/work/XRDV3_0080/cifs/Zr2Ti_OQMD_5152932.cif
OQMD,5569139,ZrTi,ZrTi_OQMD_5569139.cif,Pmma,51,orthorhombic,Zr-Ti,fig4/benchmark/results/atomly_core_v3/xerus_native_pilot_v2/work/XRDV3_0080/cifs/ZrTi_OQMD_5569139.cif
OQMD,5360275,Zr2Ti,Zr2Ti_OQMD_5360275.cif,P2_1/m,11,monoclinic,Zr-Ti,fig4/benchmark/results/atomly_core_v3/xerus_native_pilot_v2/work/XRDV3_0080/cifs/Zr2Ti_OQMD_5360275.cif
OQMD,5092389,ZrTi,ZrTi_OQMD_5092389.cif,Pmm2,25,orthorhombic,Zr-Ti,fig4/benchmark/results/atomly_core_v3/xerus_native_pilot_v2/work/XRDV3_0080/cifs/ZrTi_OQMD_5092389.cif
OQMD,5195652,ZrTi,ZrTi_OQMD_5195652.cif,Pmc2_1,26,orthorhombic,Zr-Ti,fig4/benchmark/results/atomly_core_v3/xerus_native_pilot_v2/work/XRDV3_0080/cifs/ZrTi_OQMD_5195652.cif
OQMD,5195862,Zr2Ti,Zr2Ti_OQMD_5195862.cif,Pmmn,59,orthorhombic,Zr-Ti,fig4/benchmark/results/atomly_core_v3/xerus_native_pilot_v2/work/XRDV3_0080/cifs/Zr2Ti_OQMD_5195862.cif
OQMD,6311939,ZrTi,ZrTi_OQMD_6311939.cif,C2/m,12,monoclinic,Zr-Ti,fig4/benchmark/results/atomly_core_v3/xerus_native_pilot_v2/work/XRDV3_0080/cifs/ZrTi_OQMD_6311939.cif
OQMD,5187438,ZrTi2,ZrTi2_OQMD_5187438.cif,Cmcm,63,orthorhombic,Zr-Ti,fig4/benchmark/results/atomly_core_v3/xerus_native_pilot_v2/work/XRDV3_0080/cifs/ZrTi2_OQMD_5187438.cif
OQMD,5232207,Zr3Ti4,Zr3Ti4_OQMD_5232207.cif,P6_3/m,176,hexagonal,Zr-Ti,fig4/benchmark/results/atomly_core_v3/xerus_native_pilot_v2/work/XRDV3_0080/cifs/Zr3Ti4_OQMD_5232207.cif
OQMD,5091516,Zr3Ti,Zr3Ti_OQMD_5091516.cif,P6_3/mmc,194,hexagonal,Zr-Ti,fig4/benchmark/results/atomly_core_v3/xerus_native_pilot_v2/work/XRDV3_0080/cifs/Zr3Ti_OQMD_5091516.cif
OQMD,5092164,Zr3Ti,Zr3Ti_OQMD_5092164.cif,Pmmn,59,orthorhombic,Zr-Ti,fig4/benchmark/results/atomly_core_v3/xerus_native_pilot_v2/work/XRDV3_0080/cifs/Zr3Ti_OQMD_5092164.cif
COD,1539841,Zr0.6Ti1.4,Zr0.6Ti1.4_COD_1539841.cif,P6_3/mmc,194,hexagonal,Zr-Ti,fig4/benchmark/results/atomly_core_v3/xerus_native_pilot_v2/work/XRDV3_0080/cifs/Zr0.6Ti1.4_COD_1539841.cif
OQMD,5092539,Zr3Ti,Zr3Ti_OQMD_5092539.cif,Cmcm,63,orthorhombic,Zr-Ti,fig4/benchmark/results/atomly_core_v3/xerus_native_pilot_v2/work/XRDV3_0080/cifs/Zr3Ti_OQMD_5092539.cif
OQMD,5091027,ZrTi,ZrTi_OQMD_5091027.cif,P4/nmm,129,tetragonal,Zr-Ti,fig4/benchmark/results/atomly_core_v3/xerus_native_pilot_v2/work/XRDV3_0080/cifs/ZrTi_OQMD_5091027.cif
OQMD,5827523,ZrTi5,ZrTi5_OQMD_5827523.cif,C2/c,15,monoclinic,Zr-Ti,fig4/benchmark/results/atomly_core_v3/xerus_native_pilot_v2/work/XRDV3_0080/cifs/ZrTi5_OQMD_5827523.cif
COD,1527317,Zr1.4Ti0.6,Zr1.4Ti0.6_COD_1527317.cif,P6_3/mmc,194,hexagonal,Zr-Ti,fig4/benchmark/results/atomly_core_v3/xerus_native_pilot_v2/work/XRDV3_0080/cifs/Zr1.4Ti0.6_COD_1527317.cif
OQMD,5195421,ZrTi,ZrTi_OQMD_5195421.cif,P2_1/m,11,monoclinic,Zr-Ti,fig4/benchmark/results/atomly_core_v3/xerus_native_pilot_v2/work/XRDV3_0080/cifs/ZrTi_OQMD_5195421.cif
OQMD,5088696,ZrTi,ZrTi_OQMD_5088696.cif,Pnma,62,orthorhombic,Zr-Ti,fig4/benchmark/results/atomly_core_v3/xerus_native_pilot_v2/work/XRDV3_0080/cifs/ZrTi_OQMD_5088696.cif
OQMD,5232228,Zr3Ti4,Zr3Ti4_OQMD_5232228.cif,P6_3/m,176,hexagonal,Zr-Ti,fig4/benchmark/results/atomly_core_v3/xerus_native_pilot_v2/work/XRDV3_0080/cifs/Zr3Ti4_OQMD_5232228.cif
OQMD,5089029,ZrTi,ZrTi_OQMD_5089029.cif,Pmm2,25,orthorhombic,Zr-Ti,fig4/benchmark/results/atomly_core_v3/xerus_native_pilot_v2/work/XRDV3_0080/cifs/ZrTi_OQMD_5089029.cif
OQMD,5233767,Zr4Ti3,Zr4Ti3_OQMD_5233767.cif,P6_3/m,176,hexagonal,Zr-Ti,fig4/benchmark/results/atomly_core_v3/xerus_native_pilot_v2/work/XRDV3_0080/cifs/Zr4Ti3_OQMD_5233767.cif
OQMD,5256330,ZrTi,ZrTi_OQMD_5256330.cif,Pmmn,59,orthorhombic,Zr-Ti,fig4/benchmark/results/atomly_core_v3/xerus_native_pilot_v2/work/XRDV3_0080/cifs/ZrTi_OQMD_5256330.cif
COD,1541222,Zr0.17Ti1.83,Zr0.17Ti1.83_COD_1541222.cif,P6_3/mmc,194,hexagonal,Zr-Ti,fig4/benchmark/results/atomly_core_v3/xerus_native_pilot_v2/work/XRDV3_0080/cifs/Zr0.17Ti1.83_COD_1541222.cif
OQMD,5196033,Zr2Ti,Zr2Ti_OQMD_5196033.cif,Cmcm,63,orthorhombic,Zr-Ti,fig4/benchmark/results/atomly_core_v3/xerus_native_pilot_v2/work/XRDV3_0080/cifs/Zr2Ti_OQMD_5196033.cif
OQMD,5195790,ZrTi,ZrTi_OQMD_5195790.cif,P2_1/m,11,monoclinic,Zr-Ti,fig4/benchmark/results/atomly_core_v3/xerus_native_pilot_v2/work/XRDV3_0080/cifs/ZrTi_OQMD_5195790.cif
OQMD,4837998,Zr3Ti,Zr3Ti_OQMD_4837998.cif,P6_3/mmc,194,hexagonal,Zr-Ti,fig4/benchmark/results/atomly_core_v3/xerus_native_pilot_v2/work/XRDV3_0080/cifs/Zr3Ti_OQMD_4837998.cif
OQMD,5195172,Zr2Ti,Zr2Ti_OQMD_5195172.cif,Cmcm,63,orthorhombic,Zr-Ti,fig4/benchmark/results/atomly_core_v3/xerus_native_pilot_v2/work/XRDV3_0080/cifs/Zr2Ti_OQMD_5195172.cif
OQMD,5091630,ZrTi,ZrTi_OQMD_5091630.cif,Pmmn,59,orthorhombic,Zr-Ti,fig4/benchmark/results/atomly_core_v3/xerus_native_pilot_v2/work/XRDV3_0080/cifs/ZrTi_OQMD_5091630.cif
OQMD,5089533,ZrTi3,ZrTi3_OQMD_5089533.cif,Pmmn,59,orthorhombic,Zr-Ti,fig4/benchmark/results/atomly_core_v3/xerus_native_pilot_v2/work/XRDV3_0080/cifs/ZrTi3_OQMD_5089533.cif
OQMD,5578200,ZrTi,ZrTi_OQMD_5578200.cif,Pmma,51,orthorhombic,Zr-Ti,fig4/benchmark/results/atomly_core_v3/xerus_native_pilot_v2/work/XRDV3_0080/cifs/ZrTi_OQMD_5578200.cif
OQMD,5187141,ZrTi2,ZrTi2_OQMD_5187141.cif,Pmmn,59,orthorhombic,Zr-Ti,fig4/benchmark/results/atomly_core_v3/xerus_native_pilot_v2/work/XRDV3_0080/cifs/ZrTi2_OQMD_5187141.cif
OQMD,5187402,ZrTi2,ZrTi2_OQMD_5187402.cif,Cmcm,63,orthorhombic,Zr-Ti,fig4/benchmark/results/atomly_core_v3/xerus_native_pilot_v2/work/XRDV3_0080/cifs/ZrTi2_OQMD_5187402.cif
OQMD,5088216,ZrTi3,ZrTi3_OQMD_5088216.cif,P6_3/mmc,194,hexagonal,Zr-Ti,fig4/benchmark/results/atomly_core_v3/xerus_native_pilot_v2/work/XRDV3_0080/cifs/ZrTi3_OQMD_5088216.cif
OQMD,5188242,ZrTi,ZrTi_OQMD_5188242.cif,P2_1/m,11,monoclinic,Zr-Ti,fig4/benchmark/results/atomly_core_v3/xerus_native_pilot_v2/work/XRDV3_0080/cifs/ZrTi_OQMD_5188242.cif
OQMD,5287845,ZrTi,ZrTi_OQMD_5287845.cif,Pmmn,59,orthorhombic,Zr-Ti,fig4/benchmark/results/atomly_core_v3/xerus_native_pilot_v2/work/XRDV3_0080/cifs/ZrTi_OQMD_5287845.cif
COD,1539805,ZrTi,ZrTi_COD_1539805.cif,P6_3/mmc,194,hexagonal,Zr-Ti,fig4/benchmark/results/atomly_core_v3/xerus_native_pilot_v2/work/XRDV3_0080/cifs/ZrTi_COD_1539805.cif
OQMD,5089719,ZrTi3,ZrTi3_OQMD_5089719.cif,Cmcm,63,orthorhombic,Zr-Ti,fig4/benchmark/results/atomly_core_v3/xerus_native_pilot_v2/work/XRDV3_0080/cifs/ZrTi3_OQMD_5089719.cif
OQMD,5106405,ZrTi,ZrTi_OQMD_5106405.cif,Amm2,38,orthorhombic,Zr-Ti,fig4/benchmark/results/atomly_core_v3/xerus_native_pilot_v2/work/XRDV3_0080/cifs/ZrTi_OQMD_5106405.cif
OQMD,5287842,ZrTi,ZrTi_OQMD_5287842.cif,Pmmn,59,orthorhombic,Zr-Ti,fig4/benchmark/results/atomly_core_v3/xerus_native_pilot_v2/work/XRDV3_0080/cifs/ZrTi_OQMD_5287842.cif
OQMD,5195823,ZrTi,ZrTi_OQMD_5195823.cif,Pmc2_1,26,orthorhombic,Zr-Ti,fig4/benchmark/results/atomly_core_v3/xerus_native_pilot_v2/work/XRDV3_0080/cifs/ZrTi_OQMD_5195823.cif
OQMD,5106414,ZrTi,ZrTi_OQMD_5106414.cif,Amm2,38,orthorhombic,Zr-Ti,fig4/benchmark/results/atomly_core_v3/xerus_native_pilot_v2/work/XRDV3_0080/cifs/ZrTi_OQMD_5106414.cif
OQMD,5256333,ZrTi,ZrTi_OQMD_5256333.cif,Pmmn,59,orthorhombic,Zr-Ti,fig4/benchmark/results/atomly_core_v3/xerus_native_pilot_v2/work/XRDV3_0080/cifs/ZrTi_OQMD_5256333.cif
OQMD,5196102,ZrTi,ZrTi_OQMD_5196102.cif,P2_1/m,11,monoclinic,Zr-Ti,fig4/benchmark/results/atomly_core_v3/xerus_native_pilot_v2/work/XRDV3_0080/cifs/ZrTi_OQMD_5196102.cif
OQMD,5187699,ZrTi,ZrTi_OQMD_5187699.cif,P2_1/m,11,monoclinic,Zr-Ti,fig4/benchmark/results/atomly_core_v3/xerus_native_pilot_v2/work/XRDV3_0080/cifs/ZrTi_OQMD_5187699.cif
OQMD,5082072,ZrTi2,ZrTi2_OQMD_5082072.cif,P-62m,189,hexagonal,Zr-Ti,fig4/benchmark/results/atomly_core_v3/xerus_native_pilot_v2/work/XRDV3_0080/cifs/ZrTi2_OQMD_5082072.cif
COD,1527364,Zr0.66Ti1.34,Zr0.66Ti1.34_COD_1527364.cif,P6_3/mmc,194,hexagonal,Zr-Ti,fig4/benchmark/results/atomly_core_v3/xerus_native_pilot_v2/work/XRDV3_0080/cifs/Zr0.66Ti1.34_COD_1527364.cif
OQMD,5195631,Zr2Ti,Zr2Ti_OQMD_5195631.cif,Pmmn,59,orthorhombic,Zr-Ti,fig4/benchmark/results/atomly_core_v3/xerus_native_pilot_v2/work/XRDV3_0080/cifs/Zr2Ti_OQMD_5195631.cif
OQMD,5233908,Zr4Ti3,Zr4Ti3_OQMD_5233908.cif,P6_3/m,176,hexagonal,Zr-Ti,fig4/benchmark/results/atomly_core_v3/xerus_native_pilot_v2/work/XRDV3_0080/cifs/Zr4Ti3_OQMD_5233908.cif
OQMD,5187711,ZrTi,ZrTi_OQMD_5187711.cif,Pmc2_1,26,orthorhombic,Zr-Ti,fig4/benchmark/results/atomly_core_v3/xerus_native_pilot_v2/work/XRDV3_0080/cifs/ZrTi_OQMD_5187711.cif
OQMD,5898741,Zr2Ti,Zr2Ti_OQMD_5898741.cif,Pnma,62,orthorhombic,Zr-Ti,fig4/benchmark/results/atomly_core_v3/xerus_native_pilot_v2/work/XRDV3_0080/cifs/Zr2Ti_OQMD_5898741.cif
OQMD,5187567,ZrTi2,ZrTi2_OQMD_5187567.cif,Cmcm,63,orthorhombic,Zr-Ti,fig4/benchmark/results/atomly_core_v3/xerus_native_pilot_v2/work/XRDV3_0080/cifs/ZrTi2_OQMD_5187567.cif
OQMD,6217466,ZrTi2,ZrTi2_OQMD_6217466.cif,P6/mmm,191,hexagonal,Zr-Ti,fig4/benchmark/results/atomly_core_v3/xerus_native_pilot_v2/work/XRDV3_0080/cifs/ZrTi2_OQMD_6217466.cif
OQMD,5090622,ZrTi,ZrTi_OQMD_5090622.cif,Pnma,62,orthorhombic,Zr-Ti,fig4/benchmark/results/atomly_core_v3/xerus_native_pilot_v2/work/XRDV3_0080/cifs/ZrTi_OQMD_5090622.cif
COD,1527316,ZrTi,ZrTi_COD_1527316.cif,Im-3m,229,cubic,Zr-Ti,fig4/benchmark/results/atomly_core_v3/xerus_native_pilot_v2/work/XRDV3_0080/cifs/ZrTi_COD_1527316.cif
OQMD,5284674,ZrTi,ZrTi_OQMD_5284674.cif,Pmmn,59,orthorhombic,Zr-Ti,fig4/benchmark/results/atomly_core_v3/xerus_native_pilot_v2/work/XRDV3_0080/cifs/ZrTi_OQMD_5284674.cif
OQMD,5088906,ZrTi,ZrTi_OQMD_5088906.cif,Pbcm,57,orthorhombic,Zr-Ti,fig4/benchmark/results/atomly_core_v3/xerus_native_pilot_v2/work/XRDV3_0080/cifs/ZrTi_OQMD_5088906.cif
OQMD,5253315,ZrTi,ZrTi_OQMD_5253315.cif,Pmmn,59,orthorhombic,Zr-Ti,fig4/benchmark/results/atomly_core_v3/xerus_native_pilot_v2/work/XRDV3_0080/cifs/ZrTi_OQMD_5253315.cif
OQMD,4838106,ZrTi3,ZrTi3_OQMD_4838106.cif,P6_3/mmc,194,hexagonal,Zr-Ti,fig4/benchmark/results/atomly_core_v3/xerus_native_pilot_v2/work/XRDV3_0080/cifs/ZrTi3_OQMD_4838106.cif
OQMD,5088729,ZrTi,ZrTi_OQMD_5088729.cif,Pmmn,59,orthorhombic,Zr-Ti,fig4/benchmark/results/atomly_core_v3/xerus_native_pilot_v2/work/XRDV3_0080/cifs/ZrTi_OQMD_5088729.cif
OQMD,5081952,ZrTi5,ZrTi5_OQMD_5081952.cif,P-62m,189,hexagonal,Zr-Ti,fig4/benchmark/results/atomly_core_v3/xerus_native_pilot_v2/work/XRDV3_0080/cifs/ZrTi5_OQMD_5081952.cif
OQMD,5187384,ZrTi,ZrTi_OQMD_5187384.cif,Pmc2_1,26,orthorhombic,Zr-Ti,fig4/benchmark/results/atomly_core_v3/xerus_native_pilot_v2/work/XRDV3_0080/cifs/ZrTi_OQMD_5187384.cif
OQMD,6312453,ZrTi3,ZrTi3_OQMD_6312453.cif,Pmma,51,orthorhombic,Zr-Ti,fig4/benchmark/results/atomly_core_v3/xerus_native_pilot_v2/work/XRDV3_0080/cifs/ZrTi3_OQMD_6312453.cif
OQMD,5578404,ZrTi,ZrTi_OQMD_5578404.cif,Pmma,51,orthorhombic,Zr-Ti,fig4/benchmark/results/atomly_core_v3/xerus_native_pilot_v2/work/XRDV3_0080/cifs/ZrTi_OQMD_5578404.cif
OQMD,5187471,ZrTi,ZrTi_OQMD_5187471.cif,P2_1/m,11,monoclinic,Zr-Ti,fig4/benchmark/results/atomly_core_v3/xerus_native_pilot_v2/work/XRDV3_0080/cifs/ZrTi_OQMD_5187471.cif
OQMD,5358698,ZrTi2,ZrTi2_OQMD_5358698.cif,P2_1/m,11,monoclinic,Zr-Ti,fig4/benchmark/results/atomly_core_v3/xerus_native_pilot_v2/work/XRDV3_0080/cifs/ZrTi2_OQMD_5358698.cif
OQMD,6079392,Ti4AlN3,Ti4AlN3_OQMD_6079392.cif,P6_3/mmc,194,hexagonal,Ti-Al-N,fig4/benchmark/results/atomly_core_v3/xerus_native_pilot_v2/work/XRDV3_0080/cifs/Ti4AlN3_OQMD_6079392.cif
OQMD,6078401,Ti2AlN,Ti2AlN_OQMD_6078401.cif,P6_3/mmc,194,hexagonal,Ti-Al-N,fig4/benchmark/results/atomly_core_v3/xerus_native_pilot_v2/work/XRDV3_0080/cifs/Ti2AlN_OQMD_6078401.cif
OQMD,5639066,Ti3AlN,Ti3AlN_OQMD_5639066.cif,Cmcm,63,orthorhombic,Ti-Al-N,fig4/benchmark/results/atomly_core_v3/xerus_native_pilot_v2/work/XRDV3_0080/cifs/Ti3AlN_OQMD_5639066.cif
OQMD,6078910,Ti3AlN2,Ti3AlN2_OQMD_6078910.cif,P6_3/mmc,194,hexagonal,Ti-Al-N,fig4/benchmark/results/atomly_core_v3/xerus_native_pilot_v2/work/XRDV3_0080/cifs/Ti3AlN2_OQMD_6078910.cif
OQMD,6258765,Ti2AlN,Ti2AlN_OQMD_6258765.cif,P-3m1,164,trigonal,Ti-Al-N,fig4/benchmark/results/atomly_core_v3/xerus_native_pilot_v2/work/XRDV3_0080/cifs/Ti2AlN_OQMD_6258765.cif
MP,mp-10675,Ti3AlN,Ti3AlN_MP_mp-10675.cif,Pm-3m,221,cubic,Ti-Al-N,fig4/benchmark/results/atomly_core_v3/xerus_native_pilot_v2/work/XRDV3_0080/cifs/Ti3AlN_MP_mp-10675.cif
OQMD,4802967,Ti3AlN,Ti3AlN_OQMD_4802967.cif,Pm-3m,221,cubic,Ti-Al-N,fig4/benchmark/results/atomly_core_v3/xerus_native_pilot_v2/work/XRDV3_0080/cifs/Ti3AlN_OQMD_4802967.cif
COD,1540932,Ti3(AlN)2,Ti3(AlN)2_COD_1540932.cif,P6_3mc,186,hexagonal,Ti-Al-N,fig4/benchmark/results/atomly_core_v3/xerus_native_pilot_v2/work/XRDV3_0080/cifs/Ti3(AlN)2_COD_1540932.cif
COD,1526338,Ti4AlN3,Ti4AlN3_COD_1526338.cif,P6_3/mmc,194,hexagonal,Ti-Al-N,fig4/benchmark/results/atomly_core_v3/xerus_native_pilot_v2/work/XRDV3_0080/cifs/Ti4AlN3_COD_1526338.cif
MP,mp-4978,Ti2AlN,Ti2AlN_MP_mp-4978.cif,P6_3/mmc,194,hexagonal,Ti-Al-N,fig4/benchmark/results/atomly_core_v3/xerus_native_pilot_v2/work/XRDV3_0080/cifs/Ti2AlN_MP_mp-4978.cif
MP,mp-568934,Ti4AlN3,Ti4AlN3_MP_mp-568934.cif,P6_3/mmc,194,hexagonal,Ti-Al-N,fig4/benchmark/results/atomly_core_v3/xerus_native_pilot_v2/work/XRDV3_0080/cifs/Ti4AlN3_MP_mp-568934.cif
OQMD,6162268,Ti2AlN,Ti2AlN_OQMD_6162268.cif,Cmcm,63,orthorhombic,Ti-Al-N,fig4/benchmark/results/atomly_core_v3/xerus_native_pilot_v2/work/XRDV3_0080/cifs/Ti2AlN_OQMD_6162268.cif
OQMD,5846596,Ti3AlN2,Ti3AlN2_OQMD_5846596.cif,P6_3/mmc,194,hexagonal,Ti-Al-N,fig4/benchmark/results/atomly_core_v3/xerus_native_pilot_v2/work/XRDV3_0080/cifs/Ti3AlN2_OQMD_5846596.cif
OQMD,5771557,Ti3AlN,Ti3AlN_OQMD_5771557.cif,Pm-3m,221,cubic,Ti-Al-N,fig4/benchmark/results/atomly_core_v3/xerus_native_pilot_v2/work/XRDV3_0080/cifs/Ti3AlN_OQMD_5771557.cif
OQMD,4802964,Ti2AlN,Ti2AlN_OQMD_4802964.cif,P6_3/mmc,194,hexagonal,Ti-Al-N,fig4/benchmark/results/atomly_core_v3/xerus_native_pilot_v2/work/XRDV3_0080/cifs/Ti2AlN_OQMD_4802964.cif
OQMD,4782174,Ti4AlN3,Ti4AlN3_OQMD_4782174.cif,P6_3/mmc,194,hexagonal,Ti-Al-N,fig4/benchmark/results/atomly_core_v3/xerus_native_pilot_v2/work/XRDV3_0080/cifs/Ti4AlN3_OQMD_4782174.cif
OQMD,6274075,Ti2AlN,Ti2AlN_OQMD_6274075.cif,P-6m2,187,hexagonal,Ti-Al-N,fig4/benchmark/results/atomly_core_v3/xerus_native_pilot_v2/work/XRDV3_0080/cifs/Ti2AlN_OQMD_6274075.cif
OQMD,5639084,Ti3AlN,Ti3AlN_OQMD_5639084.cif,Cmcm,63,orthorhombic,Ti-Al-N,fig4/benchmark/results/atomly_core_v3/xerus_native_pilot_v2/work/XRDV3_0080/cifs/Ti3AlN_OQMD_5639084.cif
OQMD,5770254,Ti3AlN,Ti3AlN_OQMD_5770254.cif,Pm-3m,221,cubic,Ti-Al-N,fig4/benchmark/results/atomly_core_v3/xerus_native_pilot_v2/work/XRDV3_0080/cifs/Ti3AlN_OQMD_5770254.cif
OQMD,6141419,Zr2AlN,Zr2AlN_OQMD_6141419.cif,C2/c,15,monoclinic,Zr-Al-N,fig4/benchmark/results/atomly_core_v3/xerus_native_pilot_v2/work/XRDV3_0080/cifs/Zr2AlN_OQMD_6141419.cif
OQMD,6078675,Zr2AlN,Zr2AlN_OQMD_6078675.cif,P6_3/mmc,194,hexagonal,Zr-Al-N,fig4/benchmark/results/atomly_core_v3/xerus_native_pilot_v2/work/XRDV3_0080/cifs/Zr2AlN_OQMD_6078675.cif
OQMD,6080792,Zr4AlN3,Zr4AlN3_OQMD_6080792.cif,P6_3/mmc,194,hexagonal,Zr-Al-N,fig4/benchmark/results/atomly_core_v3/xerus_native_pilot_v2/work/XRDV3_0080/cifs/Zr4AlN3_OQMD_6080792.cif
OQMD,6078869,Zr3AlN2,Zr3AlN2_OQMD_6078869.cif,P6_3/mmc,194,hexagonal,Zr-Al-N,fig4/benchmark/results/atomly_core_v3/xerus_native_pilot_v2/work/XRDV3_0080/cifs/Zr3AlN2_OQMD_6078869.cif
OQMD,4089492,Zr3AlN,Zr3AlN_OQMD_4089492.cif,Cmcm,63,orthorhombic,Zr-Al-N,fig4/benchmark/results/atomly_core_v3/xerus_native_pilot_v2/work/XRDV3_0080/cifs/Zr3AlN_OQMD_4089492.cif
MP,mp-27898,Zr3AlN,Zr3AlN_MP_mp-27898.cif,Cmcm,63,orthorhombic,Zr-Al-N,fig4/benchmark/results/atomly_core_v3/xerus_native_pilot_v2/work/XRDV3_0080/cifs/Zr3AlN_MP_mp-27898.cif
OQMD,4089840,Zr2AlN,Zr2AlN_OQMD_4089840.cif,P6_3/mmc,194,hexagonal,Zr-Al-N,fig4/benchmark/results/atomly_core_v3/xerus_native_pilot_v2/work/XRDV3_0080/cifs/Zr2AlN_OQMD_4089840.cif
OQMD,6399530,Zr3AlN,Zr3AlN_OQMD_6399530.cif,Cmcm,63,orthorhombic,Zr-Al-N,fig4/benchmark/results/atomly_core_v3/xerus_native_pilot_v2/work/XRDV3_0080/cifs/Zr3AlN_OQMD_6399530.cif
OQMD,6373954,Zr3TiAl3,Zr3TiAl3_OQMD_6373954.cif,P6mm,183,hexagonal,Zr-Ti-Al,fig4/benchmark/results/atomly_core_v3/xerus_native_pilot_v2/work/XRDV3_0080/cifs/Zr3TiAl3_OQMD_6373954.cif
OQMD,6373901,Zr2Ti2Al3,Zr2Ti2Al3_OQMD_6373901.cif,P6/mmm,191,hexagonal,Zr-Ti-Al,fig4/benchmark/results/atomly_core_v3/xerus_native_pilot_v2/work/XRDV3_0080/cifs/Zr2Ti2Al3_OQMD_6373901.cif
OQMD,5782009,ZrTi2Al5,ZrTi2Al5_OQMD_5782009.cif,I4/mmm,139,tetragonal,Zr-Ti-Al,fig4/benchmark/results/atomly_core_v3/xerus_native_pilot_v2/work/XRDV3_0080/cifs/ZrTi2Al5_OQMD_5782009.cif
ODBX,wren-scn-1782,Zr2TiAl3,Zr2TiAl3_ODBX_wren-scn-1782.cif,R-3m,166,trigonal,Zr-Ti-Al,fig4/benchmark/results/atomly_core_v3/xerus_native_pilot_v2/work/XRDV3_0080/cifs/Zr2TiAl3_ODBX_wren-scn-1782.cif
OQMD,6234131,ZrTi2Al,ZrTi2Al_OQMD_6234131.cif,Cmcm,63,orthorhombic,Zr-Ti-Al,fig4/benchmark/results/atomly_core_v3/xerus_native_pilot_v2/work/XRDV3_0080/cifs/ZrTi2Al_OQMD_6234131.cif
OQMD,6191812,ZrTi2N,ZrTi2N_OQMD_6191812.cif,Cmmm,65,orthorhombic,Zr-Ti-N,fig4/benchmark/results/atomly_core_v3/xerus_native_pilot_v2/work/XRDV3_0080/cifs/ZrTi2N_OQMD_6191812.cif
COD,1538671,ZrTiN2,ZrTiN2_COD_1538671.cif,Fm-3m,225,cubic,Zr-Ti-N,fig4/benchmark/results/atomly_core_v3/xerus_native_pilot_v2/work/XRDV3_0080/cifs/ZrTiN2_COD_1538671.cif
OQMD,6198335,Zr(TiN2)2,Zr(TiN2)2_OQMD_6198335.cif,Cmcm,63,orthorhombic,Zr-Ti-N,fig4/benchmark/results/atomly_core_v3/xerus_native_pilot_v2/work/XRDV3_0080/cifs/Zr(TiN2)2_OQMD_6198335.cif
OQMD,6191113,Zr2Ti2N3,Zr2Ti2N3_OQMD_6191113.cif,C2/m,12,monoclinic,Zr-Ti-N,fig4/benchmark/results/atomly_core_v3/xerus_native_pilot_v2/work/XRDV3_0080/cifs/Zr2Ti2N3_OQMD_6191113.cif
OQMD,6134377,Zr2Ti4(AlN)3,Zr2Ti4(AlN)3_OQMD_6134377.cif,C2/c,15,monoclinic,Zr-Ti-Al-N,fig4/benchmark/results/atomly_core_v3/xerus_native_pilot_v2/work/XRDV3_0080/cifs/Zr2Ti4(AlN)3_OQMD_6134377.cif
OQMD,6156598,Zr4Ti2(AlN)3,Zr4Ti2(AlN)3_OQMD_6156598.cif,C2/c,15,monoclinic,Zr-Ti-Al-N,fig4/benchmark/results/atomly_core_v3/xerus_native_pilot_v2/work/XRDV3_0080/cifs/Zr4Ti2(AlN)3_OQMD_6156598.cif
