sample_id,method,solution_rank,phase_rank,predicted_formula,predicted_space_group_symbol,predicted_space_group_number,predicted_database,predicted_database_id,predicted_weight_fraction,confidence_or_score,runtime_seconds,status_or_note,predicted_cif_path,predicted_cif_sha256
XRDV3_0046,XERUS 1.1b native database workflow,1.0,1.0,AgCl,Fm-3m,225.0,OQMD,5492459,0.93344,7.024164804652769,27.39883339701919,ok; score_is_Rwp_percent,fig4/benchmark/results/atomly_core_v3/xerus_native_pilot_v2/selected_cifs/XRDV3_0046/rank1_OQMD_5492459.cif,2fddfb55180159f1611dd2b7bf8b8bff4819acc51d45af55fefd36a974a8edc8
XRDV3_0046,XERUS 1.1b native database workflow,1.0,2.0,AgBr,P2_1/m,11.0,MP,mp-570301,0.06656,7.024164804652769,27.39883339701919,ok; score_is_Rwp_percent,fig4/benchmark/results/atomly_core_v3/xerus_native_pilot_v2/selected_cifs/XRDV3_0046/rank2_MP_mp-570301.cif,a15eefa72d092f9b74731733f3667a2ec437da53062e743d5b4557003aec32b8
XRDV3_0001,XERUS 1.1b native database workflow,1.0,1.0,Fe3O4,Cc,9.0,MP,mp-31770,0.33919,5.154781113611931,152.8637159789214,ok; score_is_Rwp_percent,fig4/benchmark/results/atomly_core_v3/xerus_native_pilot_v2/selected_cifs/XRDV3_0001/rank1_MP_mp-31770.cif,454e43622067edbe6097427ab0eb0d47ce7c37d2281206b297b8c647294a3c15
XRDV3_0001,XERUS 1.1b native database workflow,1.0,2.0,LiMnPO4,Pnma,62.0,MP,mp-18997,0.57352,5.154781113611931,152.8637159789214,ok; score_is_Rwp_percent,fig4/benchmark/results/atomly_core_v3/xerus_native_pilot_v2/selected_cifs/XRDV3_0001/rank2_MP_mp-18997.cif,38472965b1d27dda6e7a99bd094eabfefe0322572439390799b7825c99b3d43a
XRDV3_0001,XERUS 1.1b native database workflow,1.0,3.0,Li3.04Mn3.2Fe0.72P4O16,Pnma,62.0,COD,9014497,0.08729,5.154781113611931,152.8637159789214,ok; score_is_Rwp_percent,fig4/benchmark/results/atomly_core_v3/xerus_native_pilot_v2/selected_cifs/XRDV3_0001/rank3_COD_9014497.cif,8cfed81bc787c72031d00be68c3048a6d87f96f03c916908dfb0dfca0baf2e9d
XRDV3_0002,XERUS 1.1b native database workflow,1.0,1.0,Mn3.8O4,Fm-3m,225.0,COD,1541154,0.4255657443425565,13.318286820298436,34.47826173400972,ok; score_is_Rwp_percent,fig4/benchmark/results/atomly_core_v3/xerus_native_pilot_v2/selected_cifs/XRDV3_0002/rank1_COD_1541154.cif,bbe5e76457f70eac920b575f36274ce0cfda51e7016b07b7ae6e0523f68ba141
XRDV3_0002,XERUS 1.1b native database workflow,1.0,2.0,Mg,Fm-3m,225.0,OQMD,5567206,0.0490395096049039,13.318286820298436,34.47826173400972,ok; score_is_Rwp_percent,fig4/benchmark/results/atomly_core_v3/xerus_native_pilot_v2/selected_cifs/XRDV3_0002/rank2_OQMD_5567206.cif,0b0043f38a5330bbe0b9175de32a9a50c15610e9aa209271c2c267437c45f9e9
XRDV3_0002,XERUS 1.1b native database workflow,1.0,3.0,Mn2O3,Pbca,61.0,MP,mp-1172875,0.5253947460525394,13.318286820298436,34.47826173400972,ok; score_is_Rwp_percent,fig4/benchmark/results/atomly_core_v3/xerus_native_pilot_v2/selected_cifs/XRDV3_0002/rank3_MP_mp-1172875.cif,a22664ddfb287818dca53c8b231d2bbd3111d593d67aeddfe66eb19b4ce7df63
XRDV3_0003,XERUS 1.1b native database workflow,1.0,1.0,MgCO3,R-3c,167.0,COD,9000975,0.77828,8.241918638069217,376.7746966149425,ok; score_is_Rwp_percent,fig4/benchmark/results/atomly_core_v3/xerus_native_pilot_v2/selected_cifs/XRDV3_0003/rank1_COD_9000975.cif,c46c5b13e854ca8ff59d91d638b1a2fee4300c2b88d47b1053e2499f84073e6b
XRDV3_0003,XERUS 1.1b native database workflow,1.0,2.0,CaCO3,R-3c,167.0,COD,9015761,0.10405,8.241918638069217,376.7746966149425,ok; score_is_Rwp_percent,fig4/benchmark/results/atomly_core_v3/xerus_native_pilot_v2/selected_cifs/XRDV3_0003/rank2_COD_9015761.cif,2c5e18dae3c5c6f3e8b391299d1370683dd3e8819226b39998f05977fa272836
XRDV3_0003,XERUS 1.1b native database workflow,1.0,3.0,Mg32Si17O64,P1,1.0,COD,1572964,0.11767,8.241918638069217,376.7746966149425,ok; score_is_Rwp_percent,fig4/benchmark/results/atomly_core_v3/xerus_native_pilot_v2/selected_cifs/XRDV3_0003/rank3_COD_1572964.cif,406409560256f0e600550bb6f0034924834395e904644ab5f4d27cb366cebf65
XRDV3_0004,XERUS 1.1b native database workflow,1.0,1.0,CaF2,Fm-3m,225.0,MP,mp-2741,0.967469674696747,16.976469366441005,47.5985874410253,ok; score_is_Rwp_percent,fig4/benchmark/results/atomly_core_v3/xerus_native_pilot_v2/selected_cifs/XRDV3_0004/rank1_MP_mp-2741.cif,deb8e1aa6553df260d718da3c78ebd37c08375fa0e3c2d0412ab9f48451da47a
XRDV3_0004,XERUS 1.1b native database workflow,1.0,2.0,F2,Cmce,64.0,OQMD,5608799,0.024630246302463,16.976469366441005,47.5985874410253,ok; score_is_Rwp_percent,fig4/benchmark/results/atomly_core_v3/xerus_native_pilot_v2/selected_cifs/XRDV3_0004/rank2_OQMD_5608799.cif,7d8ff3889f67b294a2c00177df3aa8ceb6148816d7dfdf154fe986c1661d0e56
XRDV3_0004,XERUS 1.1b native database workflow,1.0,3.0,CaMnF4,I4/mcm,140.0,OQMD,5783040,0.00790007900079,16.976469366441005,47.5985874410253,ok; score_is_Rwp_percent,fig4/benchmark/results/atomly_core_v3/xerus_native_pilot_v2/selected_cifs/XRDV3_0004/rank3_OQMD_5783040.cif,e63eb9f8a1fa684d717b4e42765fb1151e96c670603404a503c16ba3d24ce84e
XRDV3_0005,XERUS 1.1b native database workflow,1.0,1.0,NaCl,Fm-3m,225.0,COD,9006380,0.78972,12.138086363441722,22.12563544104341,ok; score_is_Rwp_percent,fig4/benchmark/results/atomly_core_v3/xerus_native_pilot_v2/selected_cifs/XRDV3_0005/rank1_COD_9006380.cif,deb15e6983c948a0b0b29feeaacbff160a46396458b544315224438f10b9cabf
XRDV3_0005,XERUS 1.1b native database workflow,1.0,2.0,Na,I-43d,220.0,MP,mp-1525464,0.17671,12.138086363441722,22.12563544104341,ok; score_is_Rwp_percent,fig4/benchmark/results/atomly_core_v3/xerus_native_pilot_v2/selected_cifs/XRDV3_0005/rank2_MP_mp-1525464.cif,55a340f58b9649e48eeaba1c2eb1aeb22dcf5b9e9f8366d57c231431de71be17
XRDV3_0005,XERUS 1.1b native database workflow,1.0,3.0,CsCl,P-6m2,187.0,OQMD,5574265,0.03357,12.138086363441722,22.12563544104341,ok; score_is_Rwp_percent,fig4/benchmark/results/atomly_core_v3/xerus_native_pilot_v2/selected_cifs/XRDV3_0005/rank3_OQMD_5574265.cif,3d64a90890cf79b478764a40fc070fb4535bb7e1d977d0c692a6075a6c6a0b96
XRDV3_0008,XERUS 1.1b native database workflow,1.0,1.0,ZnSe,F-43m,216.0,OQMD,6154523,0.73414,26.45651078646833,69.91524364508223,ok; score_is_Rwp_percent,fig4/benchmark/results/atomly_core_v3/xerus_native_pilot_v2/selected_cifs/XRDV3_0008/rank1_OQMD_6154523.cif,f4b8279a89ef28e6cf19c50f56e2b643dfa8bc7ec4264cc58491ba13cdbb44b5
XRDV3_0008,XERUS 1.1b native database workflow,1.0,2.0,ZnS,F-43m,216.0,OQMD,5572371,0.23928,26.45651078646833,69.91524364508223,ok; score_is_Rwp_percent,fig4/benchmark/results/atomly_core_v3/xerus_native_pilot_v2/selected_cifs/XRDV3_0008/rank2_OQMD_5572371.cif,0a51a8c009f09c8e440f9c40518c9b8aca907dabba471456d9a07fb7edc68cdf
XRDV3_0008,XERUS 1.1b native database workflow,1.0,3.0,ZnS,P3m1,156.0,COD,2310815,0.02658,26.45651078646833,69.91524364508223,ok; score_is_Rwp_percent,fig4/benchmark/results/atomly_core_v3/xerus_native_pilot_v2/selected_cifs/XRDV3_0008/rank3_COD_2310815.cif,99b5a5c6ae88012aec132504b2cd8e9feb76ef994683c0d3f282926711d09ec5
XRDV3_0009,XERUS 1.1b native database workflow,1.0,1.0,Li2.52Co3O6,R-3m,166.0,COD,1550394,0.94129,14.730726253741365,46.22682331793476,ok; score_is_Rwp_percent,fig4/benchmark/results/atomly_core_v3/xerus_native_pilot_v2/selected_cifs/XRDV3_0009/rank1_COD_1550394.cif,01ca55101380cee4c076f4750d5a553b28d1cdf341c8ce0e4b3e136718b41e10
XRDV3_0009,XERUS 1.1b native database workflow,1.0,2.0,ZrO2,P4_2/nmc,137.0,OQMD,4804218,0.05029,14.730726253741365,46.22682331793476,ok; score_is_Rwp_percent,fig4/benchmark/results/atomly_core_v3/xerus_native_pilot_v2/selected_cifs/XRDV3_0009/rank2_OQMD_4804218.cif,ada710870075dace084e045b7a135b6d03133416396307155844f3765e21f51d
XRDV3_0009,XERUS 1.1b native database workflow,1.0,3.0,Zr,P6_3/mmc,194.0,OQMD,5092080,0.00842,14.730726253741365,46.22682331793476,ok; score_is_Rwp_percent,fig4/benchmark/results/atomly_core_v3/xerus_native_pilot_v2/selected_cifs/XRDV3_0009/rank3_OQMD_5092080.cif,d201d462429d22e128ca8a9c1448f876f362d914b4db20559cb1e7f9972bb8b7
XRDV3_0010,XERUS 1.1b native database workflow,1.0,1.0,LiMnPO4,Pnma,62.0,MP,mp-18997,0.60589,9.730068369086956,139.00963413808495,ok; score_is_Rwp_percent,fig4/benchmark/results/atomly_core_v3/xerus_native_pilot_v2/selected_cifs/XRDV3_0010/rank1_MP_mp-18997.cif,38472965b1d27dda6e7a99bd094eabfefe0322572439390799b7825c99b3d43a
XRDV3_0010,XERUS 1.1b native database workflow,1.0,2.0,LiFeO2,R-3m,166.0,OQMD,6278945,0.0179,9.730068369086956,139.00963413808495,ok; score_is_Rwp_percent,fig4/benchmark/results/atomly_core_v3/xerus_native_pilot_v2/selected_cifs/XRDV3_0010/rank2_OQMD_6278945.cif,126a4ef8fbbec171da3bcfaeb644a228b1158adc9e74ab2340e5aa7c0f748e30
XRDV3_0010,XERUS 1.1b native database workflow,1.0,3.0,Li3.04Mn3.2Fe0.72P4O16,Pnma,62.0,COD,9014497,0.37621,9.730068369086956,139.00963413808495,ok; score_is_Rwp_percent,fig4/benchmark/results/atomly_core_v3/xerus_native_pilot_v2/selected_cifs/XRDV3_0010/rank3_COD_9014497.cif,8cfed81bc787c72031d00be68c3048a6d87f96f03c916908dfb0dfca0baf2e9d
XRDV3_0012,XERUS 1.1b native database workflow,1.0,1.0,Cu,Fm-3m,225.0,COD,7101264,0.47809,42.85163535789218,29.140835460973904,ok; score_is_Rwp_percent,fig4/benchmark/results/atomly_core_v3/xerus_native_pilot_v2/selected_cifs/XRDV3_0012/rank1_COD_7101264.cif,07c4229045c5af9fd7c607cb30dd2b3b16ac4513196bd9ec51ca19a26102cf93
XRDV3_0012,XERUS 1.1b native database workflow,1.0,2.0,Cu3Au,P1,1.0,OQMD,6420391,0.12536,42.85163535789218,29.140835460973904,ok; score_is_Rwp_percent,fig4/benchmark/results/atomly_core_v3/xerus_native_pilot_v2/selected_cifs/XRDV3_0012/rank2_OQMD_6420391.cif,381b7f0564e7cdf2a729120bf58be961590724ed2c8aab0a99771214bcd7172b
XRDV3_0012,XERUS 1.1b native database workflow,1.0,3.0,Cu2O,Pn-3m,224.0,COD,9007497,0.39655,42.85163535789218,29.140835460973904,ok; score_is_Rwp_percent,fig4/benchmark/results/atomly_core_v3/xerus_native_pilot_v2/selected_cifs/XRDV3_0012/rank3_COD_9007497.cif,413845012589e3125fd29c60c6f3b38508c75ddab6e54b00921e84807b07af44
XRDV3_0013,XERUS 1.1b native database workflow,1.0,1.0,KTaO3,P4mm,99.0,OQMD,4832490,1.0,6.772888505998671,127.08668078901246,ok; score_is_Rwp_percent,fig4/benchmark/results/atomly_core_v3/xerus_native_pilot_v2/selected_cifs/XRDV3_0013/rank1_OQMD_4832490.cif,abfc342b5ee31f6831527cd63a0d8c88c7ee08079d5c177643524d48afbc1398
XRDV3_0014,XERUS 1.1b native database workflow,1.0,1.0,CaF2,Fm-3m,225.0,MP,mp-2741,0.50736,27.224211474276,51.13619862392079,ok; score_is_Rwp_percent,fig4/benchmark/results/atomly_core_v3/xerus_native_pilot_v2/selected_cifs/XRDV3_0014/rank1_MP_mp-2741.cif,deb8e1aa6553df260d718da3c78ebd37c08375fa0e3c2d0412ab9f48451da47a
XRDV3_0014,XERUS 1.1b native database workflow,1.0,2.0,Ca,Fm-3m,225.0,OQMD,5567184,0.15214,27.224211474276,51.13619862392079,ok; score_is_Rwp_percent,fig4/benchmark/results/atomly_core_v3/xerus_native_pilot_v2/selected_cifs/XRDV3_0014/rank2_OQMD_5567184.cif,a2eb56209328226c6c8b094e34ed4b6f1be7166cc44b86b3f50a8966f0f414ac
XRDV3_0014,XERUS 1.1b native database workflow,1.0,3.0,NaF,Fm-3m,225.0,COD,9007463,0.3405,27.224211474276,51.13619862392079,ok; score_is_Rwp_percent,fig4/benchmark/results/atomly_core_v3/xerus_native_pilot_v2/selected_cifs/XRDV3_0014/rank3_COD_9007463.cif,166a0c7a7f0981a7e350f9a423d592953f420f6790d959711748e160cef50539
XRDV3_0015,XERUS 1.1b native database workflow,1.0,1.0,BaCO3,Pnma,62.0,COD,9010937,0.3783337833378333,64.72328455589414,192.86633646895643,ok; score_is_Rwp_percent,fig4/benchmark/results/atomly_core_v3/xerus_native_pilot_v2/selected_cifs/XRDV3_0015/rank1_COD_9010937.cif,7ea8e9787d3048010c91c285bfcbebc59c00b6cf7336f7a1bb0117cc14a696ad
XRDV3_0015,XERUS 1.1b native database workflow,1.0,2.0,C,C2/m,12.0,MP,mp-169,0.5636156361563616,64.72328455589414,192.86633646895643,ok; score_is_Rwp_percent,fig4/benchmark/results/atomly_core_v3/xerus_native_pilot_v2/selected_cifs/XRDV3_0015/rank2_MP_mp-169.cif,b63f4013d3502f9133e52d970de31e3ae39f6779f909b3d06faecaf76ab9e740
XRDV3_0015,XERUS 1.1b native database workflow,1.0,3.0,K4C3.8,Immm,71.0,COD,1537199,0.058050580505805,64.72328455589414,192.86633646895643,ok; score_is_Rwp_percent,fig4/benchmark/results/atomly_core_v3/xerus_native_pilot_v2/selected_cifs/XRDV3_0015/rank3_COD_1537199.cif,78c36fd3e88a8378b2aa4f280369b372533bd638a45beecc3b40b621889542da
XRDV3_0016,XERUS 1.1b native database workflow,1.0,1.0,K,Im-3m,229.0,COD,9011976,0.5097149028509714,40.52640437876136,117.6577701510396,ok; score_is_Rwp_percent,fig4/benchmark/results/atomly_core_v3/xerus_native_pilot_v2/selected_cifs/XRDV3_0016/rank1_COD_9011976.cif,78b04919129fffe9cd5c2928687225d838a0a272cac520850ca606e00e21fb6f
XRDV3_0016,XERUS 1.1b native database workflow,1.0,2.0,K3.9992S2O8,P6_3/mmc,194.0,COD,2106173,0.2489175108248917,40.52640437876136,117.6577701510396,ok; score_is_Rwp_percent,fig4/benchmark/results/atomly_core_v3/xerus_native_pilot_v2/selected_cifs/XRDV3_0016/rank2_COD_2106173.cif,66c386056f2c3d2d1e70967c882146247b748789895a435e07f5f2c7414b3aa3
XRDV3_0016,XERUS 1.1b native database workflow,1.0,3.0,Ba,Cmcm,63.0,MP,mp-56,0.2413675863241367,40.52640437876136,117.6577701510396,ok; score_is_Rwp_percent,fig4/benchmark/results/atomly_core_v3/xerus_native_pilot_v2/selected_cifs/XRDV3_0016/rank3_MP_mp-56.cif,e9df5bb3e0ac119d15b26633df6e6887465c3ad3a8be7cb017f40b0cce17c783
XRDV3_0017,XERUS 1.1b native database workflow,1.0,1.0,Ti,P6_3/mmc,194.0,MP,mp-46,0.68799,4.667661369085187,15.201931996038184,ok; score_is_Rwp_percent,fig4/benchmark/results/atomly_core_v3/xerus_native_pilot_v2/selected_cifs/XRDV3_0017/rank1_MP_mp-46.cif,cc19087de08e0e297c6515089d74dc4a54f7a485c71179880e3980c0cd483146
XRDV3_0017,XERUS 1.1b native database workflow,1.0,2.0,TiB2,P6/mmm,191.0,OQMD,4063866,0.30624,4.667661369085187,15.201931996038184,ok; score_is_Rwp_percent,fig4/benchmark/results/atomly_core_v3/xerus_native_pilot_v2/selected_cifs/XRDV3_0017/rank2_OQMD_4063866.cif,593950dd213819df54ff7e73278e148ed40a45cc8ededa87a5cc0b163ae14a25
XRDV3_0017,XERUS 1.1b native database workflow,1.0,3.0,Ti,Ibam,72.0,OQMD,6229609,0.00577,4.667661369085187,15.201931996038184,ok; score_is_Rwp_percent,fig4/benchmark/results/atomly_core_v3/xerus_native_pilot_v2/selected_cifs/XRDV3_0017/rank3_OQMD_6229609.cif,783f9369617dadf9205e3b534a10d9056bfc503b22349eea7403d14ecede3c14
XRDV3_0018,XERUS 1.1b native database workflow,1.0,1.0,Ni,Fm-3m,225.0,OQMD,6393364,0.4027740277402774,7.389504597359286,9.904198961914515,ok; score_is_Rwp_percent,fig4/benchmark/results/atomly_core_v3/xerus_native_pilot_v2/selected_cifs/XRDV3_0018/rank1_OQMD_6393364.cif,d53f7061b8085483d630b926621680b66c8e04883ea37d7bca8744ad67645e6d
XRDV3_0018,XERUS 1.1b native database workflow,1.0,2.0,Al,I4/mmm,139.0,OQMD,5860683,0.3818238182381823,7.389504597359286,9.904198961914515,ok; score_is_Rwp_percent,fig4/benchmark/results/atomly_core_v3/xerus_native_pilot_v2/selected_cifs/XRDV3_0018/rank2_OQMD_5860683.cif,5ea0c6b0cabdf75e0380e5662f1ef3f70c38b1ae498070e32db5f50a6a5606c9
XRDV3_0018,XERUS 1.1b native database workflow,1.0,3.0,AlNi,Pmma,51.0,OQMD,5568716,0.2154021540215402,7.389504597359286,9.904198961914515,ok; score_is_Rwp_percent,fig4/benchmark/results/atomly_core_v3/xerus_native_pilot_v2/selected_cifs/XRDV3_0018/rank3_OQMD_5568716.cif,3323ee5f7235851da1a76d37f3e06cde0157a3004ddf28c5135831cd6cce716e
XRDV3_0020,XERUS 1.1b native database workflow,1.0,1.0,TiN,Fm-3m,225.0,COD,1011099,0.66923,12.569052221927764,13.888560829916967,ok; score_is_Rwp_percent,fig4/benchmark/results/atomly_core_v3/xerus_native_pilot_v2/selected_cifs/XRDV3_0020/rank1_COD_1011099.cif,9396dc26572edf5154f2bc02bc957b3889e368bbc8f8d3b69aaf0f9115ed4b9d
XRDV3_0020,XERUS 1.1b native database workflow,1.0,2.0,Ti,Cmcm,63.0,OQMD,5567902,0.22975,12.569052221927764,13.888560829916967,ok; score_is_Rwp_percent,fig4/benchmark/results/atomly_core_v3/xerus_native_pilot_v2/selected_cifs/XRDV3_0020/rank2_OQMD_5567902.cif,2369d3d3af885e8a0f07950055aa5bd1e92b0755216107484f7da76ab4210749
XRDV3_0020,XERUS 1.1b native database workflow,1.0,3.0,TiB2,P6/mmm,191.0,OQMD,4810308,0.10102,12.569052221927764,13.888560829916967,ok; score_is_Rwp_percent,fig4/benchmark/results/atomly_core_v3/xerus_native_pilot_v2/selected_cifs/XRDV3_0020/rank3_OQMD_4810308.cif,49dce39e856cf055c940852c214973c74b8e67352e10401882a4c489fc214c3a
XRDV3_0022,XERUS 1.1b native database workflow,1.0,1.0,LaAlO3,R-3c,167.0,COD,1508503,0.28755,8.267644017559238,44.090188598958775,ok; score_is_Rwp_percent,fig4/benchmark/results/atomly_core_v3/xerus_native_pilot_v2/selected_cifs/XRDV3_0022/rank1_COD_1508503.cif,846577f452c2b9dbf6f7c79483f0094a03056fa19c1921cf3b3ae0b80c69cff2
XRDV3_0022,XERUS 1.1b native database workflow,1.0,2.0,MgO,Fm-3m,225.0,COD,9006460,0.53237,8.267644017559238,44.090188598958775,ok; score_is_Rwp_percent,fig4/benchmark/results/atomly_core_v3/xerus_native_pilot_v2/selected_cifs/XRDV3_0022/rank2_COD_9006460.cif,19d495532e27303e73e908bdfa16fab75f0ed9e818f3dd884f50128983a14be5
XRDV3_0022,XERUS 1.1b native database workflow,1.0,3.0,MgAl2O4,Fd-3m,227.0,COD,9002092,0.18008,8.267644017559238,44.090188598958775,ok; score_is_Rwp_percent,fig4/benchmark/results/atomly_core_v3/xerus_native_pilot_v2/selected_cifs/XRDV3_0022/rank3_COD_9002092.cif,f92b34c43958573c67c9c982e127eb428670413b64db9cd4d166207baf29a494
XRDV3_0023,XERUS 1.1b native database workflow,1.0,1.0,BaSr3Ti4O12,I4/mmm,139.0,OQMD,6405240,0.68884,50.85734325728281,79.33895714802202,ok; score_is_Rwp_percent,fig4/benchmark/results/atomly_core_v3/xerus_native_pilot_v2/selected_cifs/XRDV3_0023/rank1_OQMD_6405240.cif,e823ed4a8388b14a610f846898211910eca943f1bb34e66c99124693f4361b63
XRDV3_0023,XERUS 1.1b native database workflow,1.0,2.0,Ba3SrTi4O12,P4/mmm,123.0,OQMD,6414841,0.19503,50.85734325728281,79.33895714802202,ok; score_is_Rwp_percent,fig4/benchmark/results/atomly_core_v3/xerus_native_pilot_v2/selected_cifs/XRDV3_0023/rank2_OQMD_6414841.cif,478295f4e574d389681d86bb5628c442687635b908c9af51fad1d1271a273d97
XRDV3_0023,XERUS 1.1b native database workflow,1.0,3.0,TiO2,P4_2/mnm,136.0,COD,1530150,0.11613,50.85734325728281,79.33895714802202,ok; score_is_Rwp_percent,fig4/benchmark/results/atomly_core_v3/xerus_native_pilot_v2/selected_cifs/XRDV3_0023/rank3_COD_1530150.cif,fac50c55bd4300c87d5751ce89ca6267ccaf5be18709c7a843b8a3cbf0da46e1
XRDV3_0025,XERUS 1.1b native database workflow,1.0,1.0,Ga,I-43d,220.0,OQMD,4073031,0.51464,36.48577148361301,15.156898339977488,ok; score_is_Rwp_percent,fig4/benchmark/results/atomly_core_v3/xerus_native_pilot_v2/selected_cifs/XRDV3_0025/rank1_OQMD_4073031.cif,73233f28a746fb01c9ad2e7aa87ec8d2a247988b51c82399934b00ea8ccffcec
XRDV3_0025,XERUS 1.1b native database workflow,1.0,2.0,GaAs,F-43m,216.0,OQMD,6396380,0.19912,36.48577148361301,15.156898339977488,ok; score_is_Rwp_percent,fig4/benchmark/results/atomly_core_v3/xerus_native_pilot_v2/selected_cifs/XRDV3_0025/rank2_OQMD_6396380.cif,68a050089b7aee620461ee93656790984171a6965d97863bf0f34602004f2c86
XRDV3_0025,XERUS 1.1b native database workflow,1.0,3.0,N2,P6_3/mmc,194.0,COD,1539196,0.28624,36.48577148361301,15.156898339977488,ok; score_is_Rwp_percent,fig4/benchmark/results/atomly_core_v3/xerus_native_pilot_v2/selected_cifs/XRDV3_0025/rank3_COD_1539196.cif,2601b40cc5347cbdf8cbb90a22c844267293ff59d4be8cc1286e06a257a2ee9e
XRDV3_0027,XERUS 1.1b native database workflow,1.0,1.0,WC,P-6m2,187.0,OQMD,4790106,0.6534034659653404,4.041570901935754,32.81007466802839,ok; score_is_Rwp_percent,fig4/benchmark/results/atomly_core_v3/xerus_native_pilot_v2/selected_cifs/XRDV3_0027/rank1_OQMD_4790106.cif,49b6cd656246f6fe6712fd046a567a3e9634ec374f49469738babbcd570991b7
XRDV3_0027,XERUS 1.1b native database workflow,1.0,2.0,ZrC,Fm-3m,225.0,MP,mp-2795,0.3411265887341126,4.041570901935754,32.81007466802839,ok; score_is_Rwp_percent,fig4/benchmark/results/atomly_core_v3/xerus_native_pilot_v2/selected_cifs/XRDV3_0027/rank2_MP_mp-2795.cif,d80083a78583684c52c13cf393d3b9371f4b14c75624a09a2d175818ec790551
XRDV3_0027,XERUS 1.1b native database workflow,1.0,3.0,Zr2C,Fd-3m,227.0,OQMD,6239100,0.0054699453005469,4.041570901935754,32.81007466802839,ok; score_is_Rwp_percent,fig4/benchmark/results/atomly_core_v3/xerus_native_pilot_v2/selected_cifs/XRDV3_0027/rank3_OQMD_6239100.cif,d85fb05fc149300f8bda47c41303087d2938715b62f7651d34758e8bf6530bda
XRDV3_0030,XERUS 1.1b native database workflow,1.0,1.0,Ba,Fm-3m,225.0,OQMD,5568325,0.07733,19.924486406840632,49.23940797697287,ok; score_is_Rwp_percent,fig4/benchmark/results/atomly_core_v3/xerus_native_pilot_v2/selected_cifs/XRDV3_0030/rank1_OQMD_5568325.cif,835c79e78361a407d02e64422abd7b7cd904e895b9755089d7122942557ffd15
XRDV3_0030,XERUS 1.1b native database workflow,1.0,2.0,F2,Cmce,64.0,OQMD,5608799,0.3309,19.924486406840632,49.23940797697287,ok; score_is_Rwp_percent,fig4/benchmark/results/atomly_core_v3/xerus_native_pilot_v2/selected_cifs/XRDV3_0030/rank2_OQMD_5608799.cif,7d8ff3889f67b294a2c00177df3aa8ceb6148816d7dfdf154fe986c1661d0e56
XRDV3_0030,XERUS 1.1b native database workflow,1.0,3.0,Li,R-3m,166.0,OQMD,4061823,0.59177,19.924486406840632,49.23940797697287,ok; score_is_Rwp_percent,fig4/benchmark/results/atomly_core_v3/xerus_native_pilot_v2/selected_cifs/XRDV3_0030/rank3_OQMD_4061823.cif,212c10a9fa471796cbecedf41dad2aaae0fefe22b787d23461ce367a4ad7d52b
XRDV3_0032,XERUS 1.1b native database workflow,1.0,1.0,Ti(FeO2)2,Fd-3m,227.0,OQMD,5848374,0.3593,15.213468503734424,81.50423713994678,ok; score_is_Rwp_percent,fig4/benchmark/results/atomly_core_v3/xerus_native_pilot_v2/selected_cifs/XRDV3_0032/rank1_OQMD_5848374.cif,6f4cc5b8836643a8a2bfaa882021cca060629f6f2ccae52cb880a22405ebea3e
XRDV3_0032,XERUS 1.1b native database workflow,1.0,2.0,CaO,Fm-3m,225.0,COD,9006697,0.28264,15.213468503734424,81.50423713994678,ok; score_is_Rwp_percent,fig4/benchmark/results/atomly_core_v3/xerus_native_pilot_v2/selected_cifs/XRDV3_0032/rank2_COD_9006697.cif,3c958ad13682ed6786ccd76dd22d2032aa893136372dd60c5827c99d6b84e5e0
XRDV3_0032,XERUS 1.1b native database workflow,1.0,3.0,CaTiO3,Pnma,62.0,COD,9006173,0.35806,15.213468503734424,81.50423713994678,ok; score_is_Rwp_percent,fig4/benchmark/results/atomly_core_v3/xerus_native_pilot_v2/selected_cifs/XRDV3_0032/rank3_COD_9006173.cif,9a1cf20884a97319eea528d63aa6b8e35151c74cf1e93b00e30a564c538385cd
XRDV3_0033,XERUS 1.1b native database workflow,1.0,1.0,LaAlO3,R-3c,167.0,COD,1508503,0.7158428415715842,29.3016806344969,33.03633204603102,ok; score_is_Rwp_percent,fig4/benchmark/results/atomly_core_v3/xerus_native_pilot_v2/selected_cifs/XRDV3_0033/rank1_COD_1508503.cif,846577f452c2b9dbf6f7c79483f0094a03056fa19c1921cf3b3ae0b80c69cff2
XRDV3_0033,XERUS 1.1b native database workflow,1.0,2.0,LaAl2,Fd-3m,227.0,OQMD,4073556,0.2408275917240827,29.3016806344969,33.03633204603102,ok; score_is_Rwp_percent,fig4/benchmark/results/atomly_core_v3/xerus_native_pilot_v2/selected_cifs/XRDV3_0033/rank2_OQMD_4073556.cif,4380339adf31f27ac6e119913370b05e0a975d07fed91b0d33af43b74a92d61a
XRDV3_0033,XERUS 1.1b native database workflow,1.0,3.0,LaAl2,P6_3/mmc,194.0,OQMD,5898482,0.0433295667043329,29.3016806344969,33.03633204603102,ok; score_is_Rwp_percent,fig4/benchmark/results/atomly_core_v3/xerus_native_pilot_v2/selected_cifs/XRDV3_0033/rank3_OQMD_5898482.cif,5da3a9ff14821ad4aa58224b9c2d1bd600f545e12de56137ab9dac8c7026dd31
XRDV3_0034,XERUS 1.1b native database workflow,1.0,1.0,LiTaO3,R-3c,167.0,COD,1531052,0.52556,15.20793605642835,57.41971477400512,ok; score_is_Rwp_percent,fig4/benchmark/results/atomly_core_v3/xerus_native_pilot_v2/selected_cifs/XRDV3_0034/rank1_COD_1531052.cif,ae4b5deb6c3320676e302cd39f829250c429aa84aaf4bd727762f26954e3a099
XRDV3_0034,XERUS 1.1b native database workflow,1.0,2.0,Li3TaO4,P2/c,13.0,COD,1542081,0.0109,15.20793605642835,57.41971477400512,ok; score_is_Rwp_percent,fig4/benchmark/results/atomly_core_v3/xerus_native_pilot_v2/selected_cifs/XRDV3_0034/rank2_COD_1542081.cif,0e9a29955b6905cef7ebc98e1236c768f884a44ed80066bbe35a414ce3b415c5
XRDV3_0034,XERUS 1.1b native database workflow,1.0,3.0,Li2.04Co3O6,R-3m,166.0,COD,1528912,0.46354,15.20793605642835,57.41971477400512,ok; score_is_Rwp_percent,fig4/benchmark/results/atomly_core_v3/xerus_native_pilot_v2/selected_cifs/XRDV3_0034/rank3_COD_1528912.cif,caa0a6feb2fc45f293d94837465ca6c4584e83bca342daf6776b835e7d57c2e5
XRDV3_0035,XERUS 1.1b native database workflow,1.0,1.0,SnO2,Pnnm,58.0,MP,mp-550172,0.86371,17.07816025651594,46.37401549692731,ok; score_is_Rwp_percent,fig4/benchmark/results/atomly_core_v3/xerus_native_pilot_v2/selected_cifs/XRDV3_0035/rank1_MP_mp-550172.cif,9725b345f97a45d5c6d965d1540cbf60fb7ab136b8bebc54f3f0e73d8195859b
XRDV3_0035,XERUS 1.1b native database workflow,1.0,2.0,Sr(CuO2)2,I4_1/a,88.0,ODBX,wren-scn-309482,0.13629,17.07816025651594,46.37401549692731,ok; score_is_Rwp_percent,fig4/benchmark/results/atomly_core_v3/xerus_native_pilot_v2/selected_cifs/XRDV3_0035/rank2_ODBX_wren-scn-309482.cif,60ac7b1ab329a04055f4a441e8c13c4be180f01d68ed730324e494b6f02d3c56
XRDV3_0037,XERUS 1.1b native database workflow,1.0,1.0,Cu2O,Pn-3m,224.0,COD,9007497,0.58549,7.54268926652469,7.932207565987483,ok; score_is_Rwp_percent,fig4/benchmark/results/atomly_core_v3/xerus_native_pilot_v2/selected_cifs/XRDV3_0037/rank1_COD_9007497.cif,413845012589e3125fd29c60c6f3b38508c75ddab6e54b00921e84807b07af44
XRDV3_0037,XERUS 1.1b native database workflow,1.0,2.0,Cu,Fm-3m,225.0,COD,4105681,0.32828,7.54268926652469,7.932207565987483,ok; score_is_Rwp_percent,fig4/benchmark/results/atomly_core_v3/xerus_native_pilot_v2/selected_cifs/XRDV3_0037/rank2_COD_4105681.cif,9962ef7564ad5ffe3be8d9f53c97e943ba8564bd2aa4bbe7654a3a78555877af
XRDV3_0037,XERUS 1.1b native database workflow,1.0,3.0,Cu,Immm,71.0,OQMD,6288498,0.08623,7.54268926652469,7.932207565987483,ok; score_is_Rwp_percent,fig4/benchmark/results/atomly_core_v3/xerus_native_pilot_v2/selected_cifs/XRDV3_0037/rank3_OQMD_6288498.cif,6f8ea59e877da98dd22e141a76b23fab75a05bee000015cf6dc75e32a51cd639
XRDV3_0038,XERUS 1.1b native database workflow,1.0,1.0,CaCO3,Pnma,62.0,COD,9014935,0.98629,9.38469183746121,39.45416274690069,ok; score_is_Rwp_percent,fig4/benchmark/results/atomly_core_v3/xerus_native_pilot_v2/selected_cifs/XRDV3_0038/rank1_COD_9014935.cif,e5f6d780b77b69afd5ce59d924f52ae70e36a66d715395550090b4fd5d02e288
XRDV3_0038,XERUS 1.1b native database workflow,1.0,2.0,Ca2C1.99998O5.99994,P6_3/mmc,194.0,COD,9007475,0.01371,9.38469183746121,39.45416274690069,ok; score_is_Rwp_percent,fig4/benchmark/results/atomly_core_v3/xerus_native_pilot_v2/selected_cifs/XRDV3_0038/rank2_COD_9007475.cif,c9304e37d8977ddda6ad3c3c14748d178a20387c624048228c54661ed4386811
XRDV3_0039,XERUS 1.1b native database workflow,1.0,1.0,Ce4O6.64,Fm-3m,225.0,COD,1521459,0.78711,18.26057980424777,327.89029925398063,ok; score_is_Rwp_percent,fig4/benchmark/results/atomly_core_v3/xerus_native_pilot_v2/selected_cifs/XRDV3_0039/rank1_COD_1521459.cif,a247282add7c20b8cda94364364ed63f8f4d489e2036a9f30065d0e6c91a030b
XRDV3_0039,XERUS 1.1b native database workflow,1.0,2.0,Ce76O66.6664,P4_2/n,86.0,COD,4003685,0.02216,18.26057980424777,327.89029925398063,ok; score_is_Rwp_percent,fig4/benchmark/results/atomly_core_v3/xerus_native_pilot_v2/selected_cifs/XRDV3_0039/rank2_COD_4003685.cif,ecd57cb700117f9f0668bf981973727b81364d51a83aa80de5330cb89d66760b
XRDV3_0039,XERUS 1.1b native database workflow,1.0,3.0,Ce11O20,P-1,2.0,MP,mp-505619,0.19073,18.26057980424777,327.89029925398063,ok; score_is_Rwp_percent,fig4/benchmark/results/atomly_core_v3/xerus_native_pilot_v2/selected_cifs/XRDV3_0039/rank3_MP_mp-505619.cif,f4b7ce923dc4be986f47b7602bcce8590aca8c4922d4b1c233544c3838509143
XRDV3_0040,XERUS 1.1b native database workflow,1.0,1.0,AlNi,Pm-3m,221.0,OQMD,4790088,0.67864,2.2647316186832525,23.882129393983632,ok; score_is_Rwp_percent,fig4/benchmark/results/atomly_core_v3/xerus_native_pilot_v2/selected_cifs/XRDV3_0040/rank1_OQMD_4790088.cif,987a807bbc89941dd56ef3422cbd34294f09d8e65b747729b03385df8abcfc4d
XRDV3_0040,XERUS 1.1b native database workflow,1.0,2.0,AlFe2,P-3m1,164.0,OQMD,6391299,0.0393,2.2647316186832525,23.882129393983632,ok; score_is_Rwp_percent,fig4/benchmark/results/atomly_core_v3/xerus_native_pilot_v2/selected_cifs/XRDV3_0040/rank2_OQMD_6391299.cif,4089e9811747d0ad4cb095df1a37c6e78b81701f0c5ad791ef7f3ce32112f0a0
XRDV3_0040,XERUS 1.1b native database workflow,1.0,3.0,Al,I4/mmm,139.0,OQMD,5568237,0.28206,2.2647316186832525,23.882129393983632,ok; score_is_Rwp_percent,fig4/benchmark/results/atomly_core_v3/xerus_native_pilot_v2/selected_cifs/XRDV3_0040/rank3_OQMD_5568237.cif,7444fcd10ea8c701a699e19debe6693878bed89605c516561a31aec9310fca3e
XRDV3_0041,XERUS 1.1b native database workflow,1.0,1.0,LaAlO3,R-3c,167.0,COD,1508503,0.78197,9.785693788775786,33.213779854006134,ok; score_is_Rwp_percent,fig4/benchmark/results/atomly_core_v3/xerus_native_pilot_v2/selected_cifs/XRDV3_0041/rank1_COD_1508503.cif,846577f452c2b9dbf6f7c79483f0094a03056fa19c1921cf3b3ae0b80c69cff2
XRDV3_0041,XERUS 1.1b native database workflow,1.0,2.0,SnO2,Pnnm,58.0,MP,mp-550172,0.20633,9.785693788775786,33.213779854006134,ok; score_is_Rwp_percent,fig4/benchmark/results/atomly_core_v3/xerus_native_pilot_v2/selected_cifs/XRDV3_0041/rank2_MP_mp-550172.cif,9725b345f97a45d5c6d965d1540cbf60fb7ab136b8bebc54f3f0e73d8195859b
XRDV3_0041,XERUS 1.1b native database workflow,1.0,3.0,SnO,P4/nmm,129.0,OQMD,4067574,0.0117,9.785693788775786,33.213779854006134,ok; score_is_Rwp_percent,fig4/benchmark/results/atomly_core_v3/xerus_native_pilot_v2/selected_cifs/XRDV3_0041/rank3_OQMD_4067574.cif,f78140f0044d2d3b7d49aff313c002ce8881cdc710b5a67b96bc9dc81fe1db16
XRDV3_0042,XERUS 1.1b native database workflow,1.0,1.0,Cu3Au,P1,1.0,OQMD,6420391,0.15584,47.17811524336079,45.399719930952415,ok; score_is_Rwp_percent,fig4/benchmark/results/atomly_core_v3/xerus_native_pilot_v2/selected_cifs/XRDV3_0042/rank1_OQMD_6420391.cif,381b7f0564e7cdf2a729120bf58be961590724ed2c8aab0a99771214bcd7172b
XRDV3_0042,XERUS 1.1b native database workflow,1.0,2.0,Au,Cmce,64.0,OQMD,5567327,0.02301,47.17811524336079,45.399719930952415,ok; score_is_Rwp_percent,fig4/benchmark/results/atomly_core_v3/xerus_native_pilot_v2/selected_cifs/XRDV3_0042/rank2_OQMD_5567327.cif,218f4b3011851af5ef6a0cf8abef6a34db0ec68ce28d20de22fb7018b7d581cc
XRDV3_0042,XERUS 1.1b native database workflow,1.0,3.0,Cu7Au3,Cmmm,65.0,OQMD,6420234,0.82115,47.17811524336079,45.399719930952415,ok; score_is_Rwp_percent,fig4/benchmark/results/atomly_core_v3/xerus_native_pilot_v2/selected_cifs/XRDV3_0042/rank3_OQMD_6420234.cif,1057f2bdfae900f0057ea81968549213da9cff643b04ffda20af19ae6437261f
XRDV3_0044,XERUS 1.1b native database workflow,1.0,1.0,CaCO3,C2,5.0,MP,mp-561412,0.8102581025810258,8.994498174745416,35.60223287390545,ok; score_is_Rwp_percent,fig4/benchmark/results/atomly_core_v3/xerus_native_pilot_v2/selected_cifs/XRDV3_0044/rank1_MP_mp-561412.cif,13c128002c69a37403da6173229c22169f1fa3d3eae03649fa27aa4aac935e50
XRDV3_0044,XERUS 1.1b native database workflow,1.0,2.0,CaO,Fm-3m,225.0,COD,9006698,0.1426714267142671,8.994498174745416,35.60223287390545,ok; score_is_Rwp_percent,fig4/benchmark/results/atomly_core_v3/xerus_native_pilot_v2/selected_cifs/XRDV3_0044/rank2_COD_9006698.cif,60b345d379106c63eb7a8936e86b4bf09ab3525c6d36975508cf8618cac018df
XRDV3_0044,XERUS 1.1b native database workflow,1.0,3.0,CaO2,I4/mmm,139.0,MP,mp-634859,0.047070470704707,8.994498174745416,35.60223287390545,ok; score_is_Rwp_percent,fig4/benchmark/results/atomly_core_v3/xerus_native_pilot_v2/selected_cifs/XRDV3_0044/rank3_MP_mp-634859.cif,80459fa0029d0a2b9112408f593c6a729e23fb9b42bde6abb803dbbe03b0a8cc
XRDV3_0045,XERUS 1.1b native database workflow,1.0,1.0,CaF2,Fm-3m,225.0,MP,mp-2741,0.0,13.539278169220983,28.35824587300885,ok; score_is_Rwp_percent,fig4/benchmark/results/atomly_core_v3/xerus_native_pilot_v2/selected_cifs/XRDV3_0045/rank1_MP_mp-2741.cif,deb8e1aa6553df260d718da3c78ebd37c08375fa0e3c2d0412ab9f48451da47a
XRDV3_0045,XERUS 1.1b native database workflow,1.0,2.0,Li,Pm-3n,223.0,OQMD,5567622,1.0,13.539278169220983,28.35824587300885,ok; score_is_Rwp_percent,fig4/benchmark/results/atomly_core_v3/xerus_native_pilot_v2/selected_cifs/XRDV3_0045/rank2_OQMD_5567622.cif,47d54d6b816751c10dfd7ac4daf1c1f27396133bfb6b7a143c024a86cdf463be
XRDV3_0045,XERUS 1.1b native database workflow,1.0,3.0,Li3F4,P4_122,91.0,ODBX,wren-scn-352982,0.0,13.539278169220983,28.35824587300885,ok; score_is_Rwp_percent,fig4/benchmark/results/atomly_core_v3/xerus_native_pilot_v2/selected_cifs/XRDV3_0045/rank3_ODBX_wren-scn-352982.cif,723315372d5176453b8c4e28a73a278556a11c231f9708fe6fb01cdd4a3fbae5
XRDV3_0048,XERUS 1.1b native database workflow,1.0,1.0,ZrO2,P4_2/nmc,137.0,OQMD,4804218,0.9286,39.7396471005154,38.76471957692411,ok; score_is_Rwp_percent,fig4/benchmark/results/atomly_core_v3/xerus_native_pilot_v2/selected_cifs/XRDV3_0048/rank1_OQMD_4804218.cif,ada710870075dace084e045b7a135b6d03133416396307155844f3765e21f51d
XRDV3_0048,XERUS 1.1b native database workflow,1.0,2.0,Sn,I4/mmm,139.0,MP,mp-623511,0.03663,39.7396471005154,38.76471957692411,ok; score_is_Rwp_percent,fig4/benchmark/results/atomly_core_v3/xerus_native_pilot_v2/selected_cifs/XRDV3_0048/rank2_MP_mp-623511.cif,e14fcebaff1a0dd11e98446b7636da108a1af1a044a77723190676d861577ced
XRDV3_0048,XERUS 1.1b native database workflow,1.0,3.0,Ba9Sn4,I4/m,87.0,OQMD,6096577,0.03477,39.7396471005154,38.76471957692411,ok; score_is_Rwp_percent,fig4/benchmark/results/atomly_core_v3/xerus_native_pilot_v2/selected_cifs/XRDV3_0048/rank3_OQMD_6096577.cif,c4dd40499da424691f0342cdafcf6ff72d8f6c45682a257ba950fe80910aae34
XRDV3_0049,XERUS 1.1b native database workflow,1.0,1.0,ZrN,Fm-3m,225.0,MP,mp-1352,0.41475,9.68337400068399,24.393576357048005,ok; score_is_Rwp_percent,fig4/benchmark/results/atomly_core_v3/xerus_native_pilot_v2/selected_cifs/XRDV3_0049/rank1_MP_mp-1352.cif,a4144dffc09b0b93000e24a557ff54f3c2e9808ffa21927ccbb47eb1d390e392
XRDV3_0049,XERUS 1.1b native database workflow,1.0,2.0,Si,P6_3/mmc,194.0,MP,mp-165,0.00044,9.68337400068399,24.393576357048005,ok; score_is_Rwp_percent,fig4/benchmark/results/atomly_core_v3/xerus_native_pilot_v2/selected_cifs/XRDV3_0049/rank2_MP_mp-165.cif,612968843fc61202cb8edf682726aa316db07b5aa5f8dd87bee569740a13531e
XRDV3_0049,XERUS 1.1b native database workflow,1.0,3.0,Si3N4,P6_3,173.0,COD,2102555,0.58481,9.68337400068399,24.393576357048005,ok; score_is_Rwp_percent,fig4/benchmark/results/atomly_core_v3/xerus_native_pilot_v2/selected_cifs/XRDV3_0049/rank3_COD_2102555.cif,59cd0cb280ec52430f97f1cb7c80f3b3b39d4adef961817f811f4ad75e6d6553
XRDV3_0050,XERUS 1.1b native database workflow,1.0,1.0,LiMn2O4,Fddd,70.0,MP,mp-1199729,0.94413,50.08841007422474,94.73916570399888,ok; score_is_Rwp_percent,fig4/benchmark/results/atomly_core_v3/xerus_native_pilot_v2/selected_cifs/XRDV3_0050/rank1_MP_mp-1199729.cif,157d7a4f7e8f206afcd1073c8151ceda636b4565926cf85f316327081e60c7b4
XRDV3_0050,XERUS 1.1b native database workflow,1.0,2.0,Li7Mn5O12,P1,1.0,OQMD,6318871,0.05587,50.08841007422474,94.73916570399888,ok; score_is_Rwp_percent,fig4/benchmark/results/atomly_core_v3/xerus_native_pilot_v2/selected_cifs/XRDV3_0050/rank2_OQMD_6318871.cif,3a1c8ec5aa2f34fe9146ed86626b8342cde5a6d302ba3a68a0c454db19977b5d
XRDV3_0051,XERUS 1.1b native database workflow,1.0,1.0,BaCO3,Pnma,62.0,COD,9010936,0.97837,6.039285852038261,177.66056167404167,ok; score_is_Rwp_percent,fig4/benchmark/results/atomly_core_v3/xerus_native_pilot_v2/selected_cifs/XRDV3_0051/rank1_COD_9010936.cif,b6c3c67ad1a7a62e9f34ce30396d18e609186206cb1ee7dcaa40303cd36092ba
XRDV3_0051,XERUS 1.1b native database workflow,1.0,2.0,Ba3Ca,Fm-3m,225.0,OQMD,4142511,0.0101,6.039285852038261,177.66056167404167,ok; score_is_Rwp_percent,fig4/benchmark/results/atomly_core_v3/xerus_native_pilot_v2/selected_cifs/XRDV3_0051/rank2_OQMD_4142511.cif,cf65347852a1fc3151d621b7953231aa4042563926bbf282d313511dbf2f2542
XRDV3_0051,XERUS 1.1b native database workflow,1.0,3.0,Ca,I4/mmm,139.0,OQMD,4789299,0.01153,6.039285852038261,177.66056167404167,ok; score_is_Rwp_percent,fig4/benchmark/results/atomly_core_v3/xerus_native_pilot_v2/selected_cifs/XRDV3_0051/rank3_OQMD_4789299.cif,d667fa784f6584335177b62c8859827c6dc22b960ebfc2682d4311cca2a62e7a
XRDV3_0052,XERUS 1.1b native database workflow,1.0,1.0,MgF2,Pnnm,58.0,MP,mp-1072956,0.92798,4.924863974729948,53.531170869013295,ok; score_is_Rwp_percent,fig4/benchmark/results/atomly_core_v3/xerus_native_pilot_v2/selected_cifs/XRDV3_0052/rank1_MP_mp-1072956.cif,1aca0910797b0f3d108141336b298aaa675db6c615e7d50a41327a9caa7ac324
XRDV3_0052,XERUS 1.1b native database workflow,1.0,2.0,Mg,R-3m,166.0,OQMD,5568444,0.00489,4.924863974729948,53.531170869013295,ok; score_is_Rwp_percent,fig4/benchmark/results/atomly_core_v3/xerus_native_pilot_v2/selected_cifs/XRDV3_0052/rank2_OQMD_5568444.cif,6aa431e2331c304c507c2ed3cd771a3ea6077b322904a8432f70e9adb006bb47
XRDV3_0052,XERUS 1.1b native database workflow,1.0,3.0,Mg,Cmcm,63.0,OQMD,5114946,0.06713,4.924863974729948,53.531170869013295,ok; score_is_Rwp_percent,fig4/benchmark/results/atomly_core_v3/xerus_native_pilot_v2/selected_cifs/XRDV3_0052/rank3_OQMD_5114946.cif,1877ee615b9b14bfc8b8468b3af12217d79fcf9fa8a959ce6d5e5db9b2fed5c0
XRDV3_0053,XERUS 1.1b native database workflow,1.0,1.0,CeO2,Fm-3m,225.0,MP,mp-20194,0.26715,6.175260720757455,43.30071161896922,ok; score_is_Rwp_percent,fig4/benchmark/results/atomly_core_v3/xerus_native_pilot_v2/selected_cifs/XRDV3_0053/rank1_MP_mp-20194.cif,bd2458f7a29a184f508a4665d9773dd72e3a964cfa93f942a67030aef6362b5c
XRDV3_0053,XERUS 1.1b native database workflow,1.0,2.0,Mn3.8O4,Fm-3m,225.0,COD,1541154,0.48828,6.175260720757455,43.30071161896922,ok; score_is_Rwp_percent,fig4/benchmark/results/atomly_core_v3/xerus_native_pilot_v2/selected_cifs/XRDV3_0053/rank2_COD_1541154.cif,bbe5e76457f70eac920b575f36274ce0cfda51e7016b07b7ae6e0523f68ba141
XRDV3_0053,XERUS 1.1b native database workflow,1.0,3.0,Mn2O3,Pbca,61.0,MP,mp-1172875,0.24457,6.175260720757455,43.30071161896922,ok; score_is_Rwp_percent,fig4/benchmark/results/atomly_core_v3/xerus_native_pilot_v2/selected_cifs/XRDV3_0053/rank3_MP_mp-1172875.cif,a22664ddfb287818dca53c8b231d2bbd3111d593d67aeddfe66eb19b4ce7df63
XRDV3_0054,XERUS 1.1b native database workflow,1.0,1.0,SiC,F-43m,216.0,OQMD,5569981,0.89798,6.126340998949438,37.85482895397581,ok; score_is_Rwp_percent,fig4/benchmark/results/atomly_core_v3/xerus_native_pilot_v2/selected_cifs/XRDV3_0054/rank1_OQMD_5569981.cif,ede5efb80b35c9c635d047103fb0f9bca56cf88563092ffce1f674875747e1cc
XRDV3_0054,XERUS 1.1b native database workflow,1.0,2.0,WC,P-6m2,187.0,OQMD,4789647,0.09004,6.126340998949438,37.85482895397581,ok; score_is_Rwp_percent,fig4/benchmark/results/atomly_core_v3/xerus_native_pilot_v2/selected_cifs/XRDV3_0054/rank2_OQMD_4789647.cif,9df037973fe561b48fb7a335c6b3370ae55c28133b671195eb3da55dd1c6c43e
XRDV3_0054,XERUS 1.1b native database workflow,1.0,3.0,SiC,R3m,160.0,MP,mp-570641,0.01198,6.126340998949438,37.85482895397581,ok; score_is_Rwp_percent,fig4/benchmark/results/atomly_core_v3/xerus_native_pilot_v2/selected_cifs/XRDV3_0054/rank3_MP_mp-570641.cif,7d165454f2348d73e004384a011f0900c67a91bf5732cca0d5ff0c7446df5621
XRDV3_0055,XERUS 1.1b native database workflow,1.0,1.0,FeS2,Pa-3,205.0,COD,1544892,0.7302473024730247,13.423600177485786,29.46337337093428,ok; score_is_Rwp_percent,fig4/benchmark/results/atomly_core_v3/xerus_native_pilot_v2/selected_cifs/XRDV3_0055/rank1_COD_1544892.cif,365c7f3d527c2e8c0c3d5e1bde0db6f0464e850c6d5745ca968da9fa086e58a8
XRDV3_0055,XERUS 1.1b native database workflow,1.0,2.0,Fe,Im-3m,229.0,COD,9006600,0.2680426804268042,13.423600177485786,29.46337337093428,ok; score_is_Rwp_percent,fig4/benchmark/results/atomly_core_v3/xerus_native_pilot_v2/selected_cifs/XRDV3_0055/rank2_COD_9006600.cif,14c157ada77114a7922f03758fa3353f96efa5102620f277b78cd9ecf0a04dd8
XRDV3_0055,XERUS 1.1b native database workflow,1.0,3.0,FeS2,Pca2_1,29.0,COD,1534893,0.001710017100171,13.423600177485786,29.46337337093428,ok; score_is_Rwp_percent,fig4/benchmark/results/atomly_core_v3/xerus_native_pilot_v2/selected_cifs/XRDV3_0055/rank3_COD_1534893.cif,2e56cad1fd2394fb5bdab6d89c472b6e24698bc22c626e0dee23fc49305b8237
XRDV3_0056,XERUS 1.1b native database workflow,1.0,1.0,ZnS,P3m1,156.0,MP,mp-647075,1.0,38.1243107950073,277.60686605307274,ok; score_is_Rwp_percent,fig4/benchmark/results/atomly_core_v3/xerus_native_pilot_v2/selected_cifs/XRDV3_0056/rank1_MP_mp-647075.cif,bfbce2f79d4ed561cc283cf778f3522d2b683697e70df61abce54d285266fed3
XRDV3_0057,XERUS 1.1b native database workflow,1.0,1.0,LiMn2O4,Fd-3m,227.0,COD,7204553,0.0032799672003279,54.10276830106264,150.09606835490558,ok; score_is_Rwp_percent,fig4/benchmark/results/atomly_core_v3/xerus_native_pilot_v2/selected_cifs/XRDV3_0057/rank1_COD_7204553.cif,72515a094becda0526091fa3cdc41bb5e18bd4cdbf73c19e0f2e1ce0e6d32140
XRDV3_0057,XERUS 1.1b native database workflow,1.0,2.0,Li95Mn16O64,Pmm2,25.0,OQMD,4781790,0.0835291647083529,54.10276830106264,150.09606835490558,ok; score_is_Rwp_percent,fig4/benchmark/results/atomly_core_v3/xerus_native_pilot_v2/selected_cifs/XRDV3_0057/rank2_OQMD_4781790.cif,1404f8d9a01208326c1a40791f11342e35103acbe879e85058a3610e4a904afd
XRDV3_0057,XERUS 1.1b native database workflow,1.0,3.0,Li8Mn4O11,Cm,8.0,OQMD,5950236,0.913190868091319,54.10276830106264,150.09606835490558,ok; score_is_Rwp_percent,fig4/benchmark/results/atomly_core_v3/xerus_native_pilot_v2/selected_cifs/XRDV3_0057/rank3_OQMD_5950236.cif,4c999a37bda99ba4785a38c065260d5f1b222973a671c20b587bfab39808ec44
XRDV3_0059,XERUS 1.1b native database workflow,1.0,1.0,ZrO2,P4_2/nmc,137.0,OQMD,4804218,0.27877,9.298678675438,50.43444010801613,ok; score_is_Rwp_percent,fig4/benchmark/results/atomly_core_v3/xerus_native_pilot_v2/selected_cifs/XRDV3_0059/rank1_OQMD_4804218.cif,ada710870075dace084e045b7a135b6d03133416396307155844f3765e21f51d
XRDV3_0059,XERUS 1.1b native database workflow,1.0,2.0,SnO2,Pnnm,58.0,MP,mp-550172,0.19146,9.298678675438,50.43444010801613,ok; score_is_Rwp_percent,fig4/benchmark/results/atomly_core_v3/xerus_native_pilot_v2/selected_cifs/XRDV3_0059/rank2_MP_mp-550172.cif,9725b345f97a45d5c6d965d1540cbf60fb7ab136b8bebc54f3f0e73d8195859b
XRDV3_0059,XERUS 1.1b native database workflow,1.0,3.0,Fe3O4,Cc,9.0,MP,mp-31770,0.52977,9.298678675438,50.43444010801613,ok; score_is_Rwp_percent,fig4/benchmark/results/atomly_core_v3/xerus_native_pilot_v2/selected_cifs/XRDV3_0059/rank3_MP_mp-31770.cif,454e43622067edbe6097427ab0eb0d47ce7c37d2281206b297b8c647294a3c15
XRDV3_0060,XERUS 1.1b native database workflow,1.0,1.0,Na3PS4,I-43m,217.0,COD,7229733,0.7874178741787418,38.01195377042732,116.37744592898524,ok; score_is_Rwp_percent,fig4/benchmark/results/atomly_core_v3/xerus_native_pilot_v2/selected_cifs/XRDV3_0060/rank1_COD_7229733.cif,f0eff14ee76b5b4237132599f5b767ce62cb8da86aeb74af8515fdf013e09a3c
XRDV3_0060,XERUS 1.1b native database workflow,1.0,2.0,ZnS,R3m,160.0,OQMD,4868937,0.1583815838158381,38.01195377042732,116.37744592898524,ok; score_is_Rwp_percent,fig4/benchmark/results/atomly_core_v3/xerus_native_pilot_v2/selected_cifs/XRDV3_0060/rank2_OQMD_4868937.cif,27a54e948132b59d86976f2a0809bfd27d20864fece0c81e35f6e5fbd3343045
XRDV3_0060,XERUS 1.1b native database workflow,1.0,3.0,ZnS,F-43m,216.0,COD,1539414,0.05420054200542,38.01195377042732,116.37744592898524,ok; score_is_Rwp_percent,fig4/benchmark/results/atomly_core_v3/xerus_native_pilot_v2/selected_cifs/XRDV3_0060/rank3_COD_1539414.cif,8c27721cf62830b7045e4e25093b1229405e12f81bf34fb0c8db00ece877f323
XRDV3_0062,XERUS 1.1b native database workflow,1.0,1.0,MgB2,P6/mmm,191.0,COD,1000026,0.55883,20.20298120868468,94.01689546194392,ok; score_is_Rwp_percent,fig4/benchmark/results/atomly_core_v3/xerus_native_pilot_v2/selected_cifs/XRDV3_0062/rank1_COD_1000026.cif,f409f4e189eee72c200d6db9fd93132aa7686ed8975b556cbab195c1baa36dc5
XRDV3_0062,XERUS 1.1b native database workflow,1.0,2.0,MgF2,Pnnm,58.0,MP,mp-1072956,0.41826,20.20298120868468,94.01689546194392,ok; score_is_Rwp_percent,fig4/benchmark/results/atomly_core_v3/xerus_native_pilot_v2/selected_cifs/XRDV3_0062/rank2_MP_mp-1072956.cif,1aca0910797b0f3d108141336b298aaa675db6c615e7d50a41327a9caa7ac324
XRDV3_0062,XERUS 1.1b native database workflow,1.0,3.0,Mg,Fm-3m,225.0,OQMD,4815078,0.02291,20.20298120868468,94.01689546194392,ok; score_is_Rwp_percent,fig4/benchmark/results/atomly_core_v3/xerus_native_pilot_v2/selected_cifs/XRDV3_0062/rank3_OQMD_4815078.cif,f73766625ffa649324e8ffeb51b1c6b5472e6c22eb89bfd947e7022c83bea82d
XRDV3_0063,XERUS 1.1b native database workflow,1.0,1.0,MgO,Fm-3m,225.0,COD,9006756,0.6228637713622863,6.786846088569491,51.662286406965,ok; score_is_Rwp_percent,fig4/benchmark/results/atomly_core_v3/xerus_native_pilot_v2/selected_cifs/XRDV3_0063/rank1_COD_9006756.cif,98236b5b330300a60799c8238a9cc5d5f11f94af6ea6a130927c2b57ace93d56
XRDV3_0063,XERUS 1.1b native database workflow,1.0,2.0,Mg96O,P3m1,156.0,OQMD,6307484,0.0226197738022619,6.786846088569491,51.662286406965,ok; score_is_Rwp_percent,fig4/benchmark/results/atomly_core_v3/xerus_native_pilot_v2/selected_cifs/XRDV3_0063/rank2_OQMD_6307484.cif,810245b6578aa0802dd3f21867645cb7f2ccee1e39cac6ad9dcd7e632ebf08ff
XRDV3_0063,XERUS 1.1b native database workflow,1.0,3.0,Mg,Cmcm,63.0,OQMD,5114949,0.3545164548354516,6.786846088569491,51.662286406965,ok; score_is_Rwp_percent,fig4/benchmark/results/atomly_core_v3/xerus_native_pilot_v2/selected_cifs/XRDV3_0063/rank3_OQMD_5114949.cif,1877ee615b9b14bfc8b8468b3af12217d79fcf9fa8a959ce6d5e5db9b2fed5c0
XRDV3_0065,XERUS 1.1b native database workflow,1.0,1.0,Ba,Fm-3m,225.0,OQMD,5568325,0.17216,30.32454328283992,38.27799117099494,ok; score_is_Rwp_percent,fig4/benchmark/results/atomly_core_v3/xerus_native_pilot_v2/selected_cifs/XRDV3_0065/rank1_OQMD_5568325.cif,835c79e78361a407d02e64422abd7b7cd904e895b9755089d7122942557ffd15
XRDV3_0065,XERUS 1.1b native database workflow,1.0,2.0,MnF3,C2/c,15.0,OQMD,4866153,0.28051,30.32454328283992,38.27799117099494,ok; score_is_Rwp_percent,fig4/benchmark/results/atomly_core_v3/xerus_native_pilot_v2/selected_cifs/XRDV3_0065/rank2_OQMD_4866153.cif,298e8e6865f41fe0bb5416a30866e08eb611691ab0d00c4f78a75b06b1ddb670
XRDV3_0065,XERUS 1.1b native database workflow,1.0,3.0,F2,Aea2,41.0,OQMD,6099904,0.54733,30.32454328283992,38.27799117099494,ok; score_is_Rwp_percent,fig4/benchmark/results/atomly_core_v3/xerus_native_pilot_v2/selected_cifs/XRDV3_0065/rank3_OQMD_6099904.cif,b0e08f9f27fbbde1d8b4de3075d4714f0fb36ebf50ba45daa460918e69d60cd1
XRDV3_0066,XERUS 1.1b native database workflow,1.0,1.0,GaAs,F-43m,216.0,MP,mp-2534,0.62752,12.289763029743034,48.04576808109414,ok; score_is_Rwp_percent,fig4/benchmark/results/atomly_core_v3/xerus_native_pilot_v2/selected_cifs/XRDV3_0066/rank1_MP_mp-2534.cif,fe739fb8659d6fe0677ccb485526211fd950b18f44a4ac57d618d1f9f34f540e
XRDV3_0066,XERUS 1.1b native database workflow,1.0,2.0,Ga,I-43d,220.0,OQMD,4073031,0.1389,12.289763029743034,48.04576808109414,ok; score_is_Rwp_percent,fig4/benchmark/results/atomly_core_v3/xerus_native_pilot_v2/selected_cifs/XRDV3_0066/rank2_OQMD_4073031.cif,73233f28a746fb01c9ad2e7aa87ec8d2a247988b51c82399934b00ea8ccffcec
XRDV3_0066,XERUS 1.1b native database workflow,1.0,3.0,Si3N4,P6_3/m,176.0,COD,1001249,0.23358,12.289763029743034,48.04576808109414,ok; score_is_Rwp_percent,fig4/benchmark/results/atomly_core_v3/xerus_native_pilot_v2/selected_cifs/XRDV3_0066/rank3_COD_1001249.cif,215b237bee475e189d02176bbcc4cde056d1820a1be6e871c411c08b5ecf29d3
XRDV3_0067,XERUS 1.1b native database workflow,1.0,1.0,AgCl,Fm-3m,225.0,OQMD,5492459,0.56845,24.04363686028907,33.20772045408376,ok; score_is_Rwp_percent,fig4/benchmark/results/atomly_core_v3/xerus_native_pilot_v2/selected_cifs/XRDV3_0067/rank1_OQMD_5492459.cif,2fddfb55180159f1611dd2b7bf8b8bff4819acc51d45af55fefd36a974a8edc8
XRDV3_0067,XERUS 1.1b native database workflow,1.0,2.0,CsCl,P-6m2,187.0,OQMD,5574265,0.38158,24.04363686028907,33.20772045408376,ok; score_is_Rwp_percent,fig4/benchmark/results/atomly_core_v3/xerus_native_pilot_v2/selected_cifs/XRDV3_0067/rank2_OQMD_5574265.cif,3d64a90890cf79b478764a40fc070fb4535bb7e1d977d0c692a6075a6c6a0b96
XRDV3_0067,XERUS 1.1b native database workflow,1.0,3.0,AgCl2,P-1,2.0,OQMD,5803472,0.04997,24.04363686028907,33.20772045408376,ok; score_is_Rwp_percent,fig4/benchmark/results/atomly_core_v3/xerus_native_pilot_v2/selected_cifs/XRDV3_0067/rank3_OQMD_5803472.cif,0c60fe48eebed646f39f5b086d82ef3539f0501535b39fa141c1cf21a5a93b0a
XRDV3_0069,XERUS 1.1b native database workflow,1.0,1.0,Na3PS4,I-43m,217.0,COD,7229733,0.75444,32.82477126316753,91.74752624402754,ok; score_is_Rwp_percent,fig4/benchmark/results/atomly_core_v3/xerus_native_pilot_v2/selected_cifs/XRDV3_0069/rank1_COD_7229733.cif,f0eff14ee76b5b4237132599f5b767ce62cb8da86aeb74af8515fdf013e09a3c
XRDV3_0069,XERUS 1.1b native database workflow,1.0,2.0,ZnS,F-43m,216.0,OQMD,5572371,0.24556,32.82477126316753,91.74752624402754,ok; score_is_Rwp_percent,fig4/benchmark/results/atomly_core_v3/xerus_native_pilot_v2/selected_cifs/XRDV3_0069/rank2_OQMD_5572371.cif,0a51a8c009f09c8e440f9c40518c9b8aca907dabba471456d9a07fb7edc68cdf
XRDV3_0070,XERUS 1.1b native database workflow,1.0,1.0,Ca4Ti3O10,Pbca,61.0,OQMD,6285702,0.39139,35.07786350212963,71.30848097894341,ok; score_is_Rwp_percent,fig4/benchmark/results/atomly_core_v3/xerus_native_pilot_v2/selected_cifs/XRDV3_0070/rank1_OQMD_6285702.cif,946cac59d3a93b4b064cf0d98aebf12511a71d2877272fda3ef7537f2789d6b5
XRDV3_0070,XERUS 1.1b native database workflow,1.0,2.0,CaO,Fm-3m,225.0,COD,9006698,0.21181,35.07786350212963,71.30848097894341,ok; score_is_Rwp_percent,fig4/benchmark/results/atomly_core_v3/xerus_native_pilot_v2/selected_cifs/XRDV3_0070/rank2_COD_9006698.cif,60b345d379106c63eb7a8936e86b4bf09ab3525c6d36975508cf8618cac018df
XRDV3_0070,XERUS 1.1b native database workflow,1.0,3.0,Ca3Ti2O7,Cmcm,63.0,OQMD,6245390,0.3968,35.07786350212963,71.30848097894341,ok; score_is_Rwp_percent,fig4/benchmark/results/atomly_core_v3/xerus_native_pilot_v2/selected_cifs/XRDV3_0070/rank3_OQMD_6245390.cif,0a231c4a8b81d809fd07dc30fe94de6aac43e9aff441c668f2473ddba2a7338b
XRDV3_0071,XERUS 1.1b native database workflow,1.0,1.0,CeO2,Fm-3m,225.0,MP,mp-20194,0.52286,10.80541398620375,79.09611852199305,ok; score_is_Rwp_percent,fig4/benchmark/results/atomly_core_v3/xerus_native_pilot_v2/selected_cifs/XRDV3_0071/rank1_MP_mp-20194.cif,bd2458f7a29a184f508a4665d9773dd72e3a964cfa93f942a67030aef6362b5c
XRDV3_0071,XERUS 1.1b native database workflow,1.0,2.0,Sr3Ti2O6,I4/mmm,139.0,OQMD,5952728,0.42673,10.80541398620375,79.09611852199305,ok; score_is_Rwp_percent,fig4/benchmark/results/atomly_core_v3/xerus_native_pilot_v2/selected_cifs/XRDV3_0071/rank2_OQMD_5952728.cif,d1abf57dae842d01a636c2f1fd83dcf12dedacc6c552b6a665242581a81c3495
XRDV3_0071,XERUS 1.1b native database workflow,1.0,3.0,Ce2Ti2O7,Fd-3m,227.0,OQMD,5693222,0.05041,10.80541398620375,79.09611852199305,ok; score_is_Rwp_percent,fig4/benchmark/results/atomly_core_v3/xerus_native_pilot_v2/selected_cifs/XRDV3_0071/rank3_OQMD_5693222.cif,fc32c3013ad422fe4425c524c857e7174982deaf08ffc0cffc2ce1d216b2cb3e
XRDV3_0073,XERUS 1.1b native database workflow,1.0,1.0,NiO,Fm-3m,225.0,COD,4320505,0.94773,3.462664612858897,8.708276318036951,ok; score_is_Rwp_percent,fig4/benchmark/results/atomly_core_v3/xerus_native_pilot_v2/selected_cifs/XRDV3_0073/rank1_COD_4320505.cif,cb061e7111aa616b6ef649b9e2379c32b2cad160cb9d21214dc4fa766104c98f
XRDV3_0073,XERUS 1.1b native database workflow,1.0,2.0,Ni,Fm-3m,225.0,OQMD,5860357,0.05227,3.462664612858897,8.708276318036951,ok; score_is_Rwp_percent,fig4/benchmark/results/atomly_core_v3/xerus_native_pilot_v2/selected_cifs/XRDV3_0073/rank2_OQMD_5860357.cif,88d212637332895ef2292ecd3b512e4bb522ce4c755e9b1958176c06cfe007be
XRDV3_0074,XERUS 1.1b native database workflow,1.0,1.0,MgF2,Pnnm,58.0,MP,mp-1072956,0.8999910000899991,15.977102796829527,33.318659496027976,ok; score_is_Rwp_percent,fig4/benchmark/results/atomly_core_v3/xerus_native_pilot_v2/selected_cifs/XRDV3_0074/rank1_MP_mp-1072956.cif,1aca0910797b0f3d108141336b298aaa675db6c615e7d50a41327a9caa7ac324
XRDV3_0074,XERUS 1.1b native database workflow,1.0,2.0,MnF3,C2/c,15.0,OQMD,4869126,0.0375196248037519,15.977102796829527,33.318659496027976,ok; score_is_Rwp_percent,fig4/benchmark/results/atomly_core_v3/xerus_native_pilot_v2/selected_cifs/XRDV3_0074/rank2_OQMD_4869126.cif,0b624a62aae2c8d2e12f2f4bd8708fc787649f30e7964b0907286860b0c487d6
XRDV3_0074,XERUS 1.1b native database workflow,1.0,3.0,F2,Aea2,41.0,OQMD,6099904,0.0624893751062489,15.977102796829527,33.318659496027976,ok; score_is_Rwp_percent,fig4/benchmark/results/atomly_core_v3/xerus_native_pilot_v2/selected_cifs/XRDV3_0074/rank3_OQMD_6099904.cif,b0e08f9f27fbbde1d8b4de3075d4714f0fb36ebf50ba45daa460918e69d60cd1
XRDV3_0075,XERUS 1.1b native database workflow,1.0,1.0,LiTaO3,R-3c,167.0,COD,1531052,0.6170038299617004,16.680627644420383,138.0230651149759,ok; score_is_Rwp_percent,fig4/benchmark/results/atomly_core_v3/xerus_native_pilot_v2/selected_cifs/XRDV3_0075/rank1_COD_1531052.cif,ae4b5deb6c3320676e302cd39f829250c429aa84aaf4bd727762f26954e3a099
XRDV3_0075,XERUS 1.1b native database workflow,1.0,2.0,K,I4/mmm,139.0,OQMD,5568269,0.0303896961030389,16.680627644420383,138.0230651149759,ok; score_is_Rwp_percent,fig4/benchmark/results/atomly_core_v3/xerus_native_pilot_v2/selected_cifs/XRDV3_0075/rank2_OQMD_5568269.cif,409cf6a1909ec568d829acaf8817d674f0b0ed06822f452a4e85cd6fd125570e
XRDV3_0075,XERUS 1.1b native database workflow,1.0,3.0,KNbO3,R-3c,167.0,OQMD,5189640,0.3526064739352607,16.680627644420383,138.0230651149759,ok; score_is_Rwp_percent,fig4/benchmark/results/atomly_core_v3/xerus_native_pilot_v2/selected_cifs/XRDV3_0075/rank3_OQMD_5189640.cif,9e878b5e97108da20e2312cf6d9323c0f7bf03a4979b703a74d2ce695557813c
XRDV3_0078,XERUS 1.1b native database workflow,1.0,1.0,Li2MnFe(PO4)2,Pnma,62.0,COD,2300354,0.8499884998849989,7.941330733489465,155.164975603926,ok; score_is_Rwp_percent,fig4/benchmark/results/atomly_core_v3/xerus_native_pilot_v2/selected_cifs/XRDV3_0078/rank1_COD_2300354.cif,646a6508246e2eb5a5ade20644adfe212a9b1710a460a2c91fee3bf74941bcb0
XRDV3_0078,XERUS 1.1b native database workflow,1.0,2.0,LiMnPO4,Pnma,62.0,OQMD,4870929,0.1136311363113631,7.941330733489465,155.164975603926,ok; score_is_Rwp_percent,fig4/benchmark/results/atomly_core_v3/xerus_native_pilot_v2/selected_cifs/XRDV3_0078/rank2_OQMD_4870929.cif,81692076ee87c4d53e5be3a38a3f88347b86b42bdc205b49846178070ad9af97
XRDV3_0078,XERUS 1.1b native database workflow,1.0,3.0,Fe3(PO4)2,P2_1/c,14.0,MP,mp-19346,0.036380363803638,7.941330733489465,155.164975603926,ok; score_is_Rwp_percent,fig4/benchmark/results/atomly_core_v3/xerus_native_pilot_v2/selected_cifs/XRDV3_0078/rank3_MP_mp-19346.cif,ada79456abff18da2c207f0034b7403d0e64e9d496e9fe9554300ac9f3d38702
XRDV3_0079,XERUS 1.1b native database workflow,1.0,1.0,SiC,F-43m,216.0,OQMD,5569981,0.75222,10.400450802567608,27.685301472898573,ok; score_is_Rwp_percent,fig4/benchmark/results/atomly_core_v3/xerus_native_pilot_v2/selected_cifs/XRDV3_0079/rank1_OQMD_5569981.cif,ede5efb80b35c9c635d047103fb0f9bca56cf88563092ffce1f674875747e1cc
XRDV3_0079,XERUS 1.1b native database workflow,1.0,2.0,SiC,P6_3mc,186.0,OQMD,4877604,0.03872,10.400450802567608,27.685301472898573,ok; score_is_Rwp_percent,fig4/benchmark/results/atomly_core_v3/xerus_native_pilot_v2/selected_cifs/XRDV3_0079/rank2_OQMD_4877604.cif,32a27e8756a017b34d59272ed6ad1222e3a9b2a405717305ea3391872ef8c072
XRDV3_0079,XERUS 1.1b native database workflow,1.0,3.0,Si,Pnma,62.0,OQMD,6166106,0.20906,10.400450802567608,27.685301472898573,ok; score_is_Rwp_percent,fig4/benchmark/results/atomly_core_v3/xerus_native_pilot_v2/selected_cifs/XRDV3_0079/rank3_OQMD_6166106.cif,e3a248fa2df3508e2d6a7ff376fc9e86b7d96f24f72109d9a4be5afcd7d5722c
XRDV3_0080,XERUS 1.1b native database workflow,1.0,1.0,ZrN,Fm-3m,225.0,OQMD,6397688,0.66282,9.345333510068372,22.75464363908395,ok; score_is_Rwp_percent,fig4/benchmark/results/atomly_core_v3/xerus_native_pilot_v2/selected_cifs/XRDV3_0080/rank1_OQMD_6397688.cif,ee815b19eb0019da903d5a258be129d38b1c13ba90a623f49302296572e85d2d
XRDV3_0080,XERUS 1.1b native database workflow,1.0,2.0,TiN,Fm-3m,225.0,COD,1101045,0.32153,9.345333510068372,22.75464363908395,ok; score_is_Rwp_percent,fig4/benchmark/results/atomly_core_v3/xerus_native_pilot_v2/selected_cifs/XRDV3_0080/rank2_COD_1101045.cif,f96ac097ad57a5ff6f8558b1368bfbade3e86e519a9f5ae713182a6cff0c354b
XRDV3_0080,XERUS 1.1b native database workflow,1.0,3.0,Zr2N,P4_2/mnm,136.0,OQMD,6229947,0.01565,9.345333510068372,22.75464363908395,ok; score_is_Rwp_percent,fig4/benchmark/results/atomly_core_v3/xerus_native_pilot_v2/selected_cifs/XRDV3_0080/rank3_OQMD_6229947.cif,edfa3616ec709d3aef645dbf925cd5b3d7d1bb1abf1bb84b3be0674866dc305a
XRDV3_0081,XERUS 1.1b native database workflow,1.0,1.0,Fe3O4,R-3m,166.0,COD,1526955,0.29829,60.70326056751136,133.97154361300636,ok; score_is_Rwp_percent,fig4/benchmark/results/atomly_core_v3/xerus_native_pilot_v2/selected_cifs/XRDV3_0081/rank1_COD_1526955.cif,9b0d2364c3800415920ad957971366d4cef001cb803474d005760a82b5e33273
XRDV3_0081,XERUS 1.1b native database workflow,1.0,2.0,SiO2,P3_221,154.0,COD,7103014,0.68191,60.70326056751136,133.97154361300636,ok; score_is_Rwp_percent,fig4/benchmark/results/atomly_core_v3/xerus_native_pilot_v2/selected_cifs/XRDV3_0081/rank2_COD_7103014.cif,a66d940d482bdd35551b4604e3245dff94f814e2aa8ac2b61270419539b810d5
XRDV3_0081,XERUS 1.1b native database workflow,1.0,3.0,Zr,Fm-3m,225.0,COD,1534901,0.0198,60.70326056751136,133.97154361300636,ok; score_is_Rwp_percent,fig4/benchmark/results/atomly_core_v3/xerus_native_pilot_v2/selected_cifs/XRDV3_0081/rank3_COD_1534901.cif,b78707d30a95e59bf092c9aaa6dd557fecc4cf1a7322ce60b0a322113d3dc501
XRDV3_0082,XERUS 1.1b native database workflow,1.0,1.0,Cu3Au,P1,1.0,OQMD,6420391,0.43355,53.40989860287534,42.81614236207679,ok; score_is_Rwp_percent,fig4/benchmark/results/atomly_core_v3/xerus_native_pilot_v2/selected_cifs/XRDV3_0082/rank1_OQMD_6420391.cif,381b7f0564e7cdf2a729120bf58be961590724ed2c8aab0a99771214bcd7172b
XRDV3_0082,XERUS 1.1b native database workflow,1.0,2.0,Cu3Au,P4/mmm,123.0,OQMD,6419282,0.01294,53.40989860287534,42.81614236207679,ok; score_is_Rwp_percent,fig4/benchmark/results/atomly_core_v3/xerus_native_pilot_v2/selected_cifs/XRDV3_0082/rank2_OQMD_6419282.cif,569e3d28d08b3e837239437d2fb3f262753f771c00ea3c2473b0265c19127826
XRDV3_0082,XERUS 1.1b native database workflow,1.0,3.0,Cu7Au3,Cmmm,65.0,OQMD,6420234,0.5535100000000001,53.40989860287534,42.81614236207679,ok; score_is_Rwp_percent,fig4/benchmark/results/atomly_core_v3/xerus_native_pilot_v2/selected_cifs/XRDV3_0082/rank3_OQMD_6420234.cif,1057f2bdfae900f0057ea81968549213da9cff643b04ffda20af19ae6437261f
XRDV3_0083,XERUS 1.1b native database workflow,1.0,1.0,ZnS,P6_3mc,186.0,OQMD,4881741,0.96517,24.896392221735788,89.54831173992716,ok; score_is_Rwp_percent,fig4/benchmark/results/atomly_core_v3/xerus_native_pilot_v2/selected_cifs/XRDV3_0083/rank1_OQMD_4881741.cif,a03fa331dd662b9c287cee05b95f26d0354b5ad50a81426666aa1ec1c96fbdbc
XRDV3_0083,XERUS 1.1b native database workflow,1.0,2.0,ZnS,P3m1,156.0,OQMD,4877631,0.03483,24.896392221735788,89.54831173992716,ok; score_is_Rwp_percent,fig4/benchmark/results/atomly_core_v3/xerus_native_pilot_v2/selected_cifs/XRDV3_0083/rank2_OQMD_4877631.cif,ebf7a6ff48a1619267610aedd699047c82c055e9a44e710cfafa50b12ca12bf9
XRDV3_0084,XERUS 1.1b native database workflow,1.0,1.0,LiMn2O4,Fddd,70.0,MP,mp-1199729,0.53032,37.84266683650459,89.32670727407094,ok; score_is_Rwp_percent,fig4/benchmark/results/atomly_core_v3/xerus_native_pilot_v2/selected_cifs/XRDV3_0084/rank1_MP_mp-1199729.cif,157d7a4f7e8f206afcd1073c8151ceda636b4565926cf85f316327081e60c7b4
XRDV3_0084,XERUS 1.1b native database workflow,1.0,2.0,Li8Mn4O11,Cm,8.0,OQMD,5950236,0.46539,37.84266683650459,89.32670727407094,ok; score_is_Rwp_percent,fig4/benchmark/results/atomly_core_v3/xerus_native_pilot_v2/selected_cifs/XRDV3_0084/rank2_OQMD_5950236.cif,4c999a37bda99ba4785a38c065260d5f1b222973a671c20b587bfab39808ec44
XRDV3_0084,XERUS 1.1b native database workflow,1.0,3.0,MnO2,P4_2/m,84.0,MP,mp-796340,0.00429,37.84266683650459,89.32670727407094,ok; score_is_Rwp_percent,fig4/benchmark/results/atomly_core_v3/xerus_native_pilot_v2/selected_cifs/XRDV3_0084/rank3_MP_mp-796340.cif,fec3b1a57df3e1efbdab82c946b719e2a84a305bd6193dda9752325e2040c12f
XRDV3_0085,XERUS 1.1b native database workflow,1.0,1.0,Li2.04Co3O6,R-3m,166.0,COD,1528912,0.54816,9.130564750800096,60.39055535802618,ok; score_is_Rwp_percent,fig4/benchmark/results/atomly_core_v3/xerus_native_pilot_v2/selected_cifs/XRDV3_0085/rank1_COD_1528912.cif,caa0a6feb2fc45f293d94837465ca6c4584e83bca342daf6776b835e7d57c2e5
XRDV3_0085,XERUS 1.1b native database workflow,1.0,2.0,Co3O4,Fd-3m,227.0,COD,9005891,0.3144,9.130564750800096,60.39055535802618,ok; score_is_Rwp_percent,fig4/benchmark/results/atomly_core_v3/xerus_native_pilot_v2/selected_cifs/XRDV3_0085/rank2_COD_9005891.cif,df217398bdc3e05cb2b2cb22cfce20315add7ed77ca9ca0ceb8b99c0dd3d42dd
XRDV3_0085,XERUS 1.1b native database workflow,1.0,3.0,LiNbO3,R-3c,167.0,MP,mp-552588,0.13744,9.130564750800096,60.39055535802618,ok; score_is_Rwp_percent,fig4/benchmark/results/atomly_core_v3/xerus_native_pilot_v2/selected_cifs/XRDV3_0085/rank3_MP_mp-552588.cif,664d0f2daf252b9062a29207922108b689c4266ebf4a1e794e279a235e8a5901
XRDV3_0086,XERUS 1.1b native database workflow,1.0,1.0,ZrN,Fm-3m,225.0,MP,mp-1352,0.81559,10.012680261242378,35.44910820899531,ok; score_is_Rwp_percent,fig4/benchmark/results/atomly_core_v3/xerus_native_pilot_v2/selected_cifs/XRDV3_0086/rank1_MP_mp-1352.cif,a4144dffc09b0b93000e24a557ff54f3c2e9808ffa21927ccbb47eb1d390e392
XRDV3_0086,XERUS 1.1b native database workflow,1.0,2.0,ZrN,R-3m,166.0,OQMD,4499052,0.14196,10.012680261242378,35.44910820899531,ok; score_is_Rwp_percent,fig4/benchmark/results/atomly_core_v3/xerus_native_pilot_v2/selected_cifs/XRDV3_0086/rank2_OQMD_4499052.cif,0a2f171ac34def7e226dd1617c01fa15f5a7476e54bf2ed6d3276808ee7feff1
XRDV3_0086,XERUS 1.1b native database workflow,1.0,3.0,Si3N4,P31c,159.0,COD,1001243,0.04245,10.012680261242378,35.44910820899531,ok; score_is_Rwp_percent,fig4/benchmark/results/atomly_core_v3/xerus_native_pilot_v2/selected_cifs/XRDV3_0086/rank3_COD_1001243.cif,3a5c670fa2e0720649555b70a5b870a456e644cc7bda17b7a23c9a776e704146
XRDV3_0088,XERUS 1.1b native database workflow,1.0,1.0,AlFe,Pm-3m,221.0,OQMD,5894270,0.76383,2.775718400224983,19.704145160038024,ok; score_is_Rwp_percent,fig4/benchmark/results/atomly_core_v3/xerus_native_pilot_v2/selected_cifs/XRDV3_0088/rank1_OQMD_5894270.cif,bc1d2958d8c70f6f8caf5aa42b583546753452432f8c36817ca28c859e18de15
XRDV3_0088,XERUS 1.1b native database workflow,1.0,2.0,AlFe,Pmma,51.0,OQMD,5568694,0.18499,2.775718400224983,19.704145160038024,ok; score_is_Rwp_percent,fig4/benchmark/results/atomly_core_v3/xerus_native_pilot_v2/selected_cifs/XRDV3_0088/rank2_OQMD_5568694.cif,bd7c776e0a03faef2a928a0d928e01f600222e5ac6b85fefebc83b54ac613840
XRDV3_0088,XERUS 1.1b native database workflow,1.0,3.0,Al,I4/mmm,139.0,OQMD,5860683,0.05118,2.775718400224983,19.704145160038024,ok; score_is_Rwp_percent,fig4/benchmark/results/atomly_core_v3/xerus_native_pilot_v2/selected_cifs/XRDV3_0088/rank3_OQMD_5860683.cif,5ea0c6b0cabdf75e0380e5662f1ef3f70c38b1ae498070e32db5f50a6a5606c9
XRDV3_0089,XERUS 1.1b native database workflow,1.0,1.0,Mn3.8O4,Fm-3m,225.0,COD,1541154,0.42575,8.442767654691208,24.98196542204824,ok; score_is_Rwp_percent,fig4/benchmark/results/atomly_core_v3/xerus_native_pilot_v2/selected_cifs/XRDV3_0089/rank1_COD_1541154.cif,bbe5e76457f70eac920b575f36274ce0cfda51e7016b07b7ae6e0523f68ba141
XRDV3_0089,XERUS 1.1b native database workflow,1.0,2.0,Mn2O3,Pbca,61.0,MP,mp-1172875,0.33121,8.442767654691208,24.98196542204824,ok; score_is_Rwp_percent,fig4/benchmark/results/atomly_core_v3/xerus_native_pilot_v2/selected_cifs/XRDV3_0089/rank2_MP_mp-1172875.cif,a22664ddfb287818dca53c8b231d2bbd3111d593d67aeddfe66eb19b4ce7df63
XRDV3_0089,XERUS 1.1b native database workflow,1.0,3.0,MnNi2O3,P-3m1,164.0,OQMD,5958659,0.24304,8.442767654691208,24.98196542204824,ok; score_is_Rwp_percent,fig4/benchmark/results/atomly_core_v3/xerus_native_pilot_v2/selected_cifs/XRDV3_0089/rank3_OQMD_5958659.cif,c86991d4db2af1b7cb876e24fbb647b2d0027dcb2980f105aa3744ee0a3273e0
XRDV3_0090,XERUS 1.1b native database workflow,1.0,1.0,LiTaO3,R-3c,167.0,COD,1531052,0.44704,18.695293513037896,169.5084782820195,ok; score_is_Rwp_percent,fig4/benchmark/results/atomly_core_v3/xerus_native_pilot_v2/selected_cifs/XRDV3_0090/rank1_COD_1531052.cif,ae4b5deb6c3320676e302cd39f829250c429aa84aaf4bd727762f26954e3a099
XRDV3_0090,XERUS 1.1b native database workflow,1.0,2.0,CeO2,Fm-3m,225.0,MP,mp-20194,0.4472,18.695293513037896,169.5084782820195,ok; score_is_Rwp_percent,fig4/benchmark/results/atomly_core_v3/xerus_native_pilot_v2/selected_cifs/XRDV3_0090/rank2_MP_mp-20194.cif,bd2458f7a29a184f508a4665d9773dd72e3a964cfa93f942a67030aef6362b5c
XRDV3_0090,XERUS 1.1b native database workflow,1.0,3.0,KTaO3,P4mm,99.0,OQMD,4832490,0.10576,18.695293513037896,169.5084782820195,ok; score_is_Rwp_percent,fig4/benchmark/results/atomly_core_v3/xerus_native_pilot_v2/selected_cifs/XRDV3_0090/rank3_OQMD_4832490.cif,abfc342b5ee31f6831527cd63a0d8c88c7ee08079d5c177643524d48afbc1398
XRDV3_0091,XERUS 1.1b native database workflow,1.0,1.0,Co3O4,Fd-3m,227.0,COD,9005890,0.74423,2.65109822593004,21.4596623609541,ok; score_is_Rwp_percent,fig4/benchmark/results/atomly_core_v3/xerus_native_pilot_v2/selected_cifs/XRDV3_0091/rank1_COD_9005890.cif,1d0a022c1a962ff2e4ff38338dfdd5e180816ed4b2e876f5037c2dc7f60bb255
XRDV3_0091,XERUS 1.1b native database workflow,1.0,2.0,Co2NiO4,P4_122,91.0,OQMD,6212937,0.00677,2.65109822593004,21.4596623609541,ok; score_is_Rwp_percent,fig4/benchmark/results/atomly_core_v3/xerus_native_pilot_v2/selected_cifs/XRDV3_0091/rank2_OQMD_6212937.cif,fbb40738c2cb174517d0670e4f9d0b0616207786c7a660f8af90681245b79778
XRDV3_0091,XERUS 1.1b native database workflow,1.0,3.0,CoO,Fm-3m,225.0,COD,1541642,0.249,2.65109822593004,21.4596623609541,ok; score_is_Rwp_percent,fig4/benchmark/results/atomly_core_v3/xerus_native_pilot_v2/selected_cifs/XRDV3_0091/rank3_COD_1541642.cif,8fd5cb964c774d67617f12431842d669f5bde27eb9b917476719a92ee6546648
XRDV3_0092,XERUS 1.1b native database workflow,1.0,1.0,ZrO2,P4_2/nmc,137.0,OQMD,4804218,0.13561,15.894793607274444,132.366923052934,ok; score_is_Rwp_percent,fig4/benchmark/results/atomly_core_v3/xerus_native_pilot_v2/selected_cifs/XRDV3_0092/rank1_OQMD_4804218.cif,ada710870075dace084e045b7a135b6d03133416396307155844f3765e21f51d
XRDV3_0092,XERUS 1.1b native database workflow,1.0,2.0,ZrO2,Pbca,61.0,OQMD,4868757,0.01373,15.894793607274444,132.366923052934,ok; score_is_Rwp_percent,fig4/benchmark/results/atomly_core_v3/xerus_native_pilot_v2/selected_cifs/XRDV3_0092/rank2_OQMD_4868757.cif,5f3f6bd98436104248c66e4251f3c1cf4d5203f9d6733edca2e97bd3bf50f2cf
XRDV3_0092,XERUS 1.1b native database workflow,1.0,3.0,Fe2SiO4,Pnma,62.0,COD,9000472,0.85066,15.894793607274444,132.366923052934,ok; score_is_Rwp_percent,fig4/benchmark/results/atomly_core_v3/xerus_native_pilot_v2/selected_cifs/XRDV3_0092/rank3_COD_9000472.cif,895383fa8c81928d2c28688a1e4468a54b234bb52b0cbfa4f137ff265bcb86bf
XRDV3_0093,XERUS 1.1b native database workflow,1.0,1.0,ZrN,Fm-3m,225.0,OQMD,4062318,0.1956219562195622,8.830421917148197,22.072310089017265,ok; score_is_Rwp_percent,fig4/benchmark/results/atomly_core_v3/xerus_native_pilot_v2/selected_cifs/XRDV3_0093/rank1_OQMD_4062318.cif,890031a25801a58c8739f961336e62f420d5a4a12cd5ebb1592dcb1f8811d72e
XRDV3_0093,XERUS 1.1b native database workflow,1.0,2.0,AlN,P6_3mc,186.0,MP,mp-661,0.7518975189751897,8.830421917148197,22.072310089017265,ok; score_is_Rwp_percent,fig4/benchmark/results/atomly_core_v3/xerus_native_pilot_v2/selected_cifs/XRDV3_0093/rank2_MP_mp-661.cif,73bad94b33a29f4e3f4623b1efd3207409418bfd07c6f368a993ed1af6a09e9c
XRDV3_0093,XERUS 1.1b native database workflow,1.0,3.0,Zr,Cmcm,63.0,OQMD,5202537,0.052480524805248,8.830421917148197,22.072310089017265,ok; score_is_Rwp_percent,fig4/benchmark/results/atomly_core_v3/xerus_native_pilot_v2/selected_cifs/XRDV3_0093/rank3_OQMD_5202537.cif,0d3078a527715e44cc044f3b3708167d07f1c69aad94ac4a6b108875e6ce9ad6
XRDV3_0094,XERUS 1.1b native database workflow,1.0,1.0,NaCl,Fm-3m,225.0,COD,9006388,0.66521,13.858885600029632,65.28182324208319,ok; score_is_Rwp_percent,fig4/benchmark/results/atomly_core_v3/xerus_native_pilot_v2/selected_cifs/XRDV3_0094/rank1_COD_9006388.cif,d57c830a44dd3804d63a4fee41aa661623234e5c8ad601e89285d184c736ed7b
XRDV3_0094,XERUS 1.1b native database workflow,1.0,2.0,AgCl,Fm-3m,225.0,OQMD,5492459,0.20886,13.858885600029632,65.28182324208319,ok; score_is_Rwp_percent,fig4/benchmark/results/atomly_core_v3/xerus_native_pilot_v2/selected_cifs/XRDV3_0094/rank2_OQMD_5492459.cif,2fddfb55180159f1611dd2b7bf8b8bff4819acc51d45af55fefd36a974a8edc8
XRDV3_0094,XERUS 1.1b native database workflow,1.0,3.0,Na,Im-3m,229.0,OQMD,5567796,0.12593,13.858885600029632,65.28182324208319,ok; score_is_Rwp_percent,fig4/benchmark/results/atomly_core_v3/xerus_native_pilot_v2/selected_cifs/XRDV3_0094/rank3_OQMD_5567796.cif,5c4b3d4ae283b3a37789598b4033ee9bff5b9fbb13fb59d151ef986cf175d5f3
XRDV3_0095,XERUS 1.1b native database workflow,1.0,1.0,ZrC,Fm-3m,225.0,OQMD,5493214,0.69868,6.6167735728219,30.129851216101088,ok; score_is_Rwp_percent,fig4/benchmark/results/atomly_core_v3/xerus_native_pilot_v2/selected_cifs/XRDV3_0095/rank1_OQMD_5493214.cif,3c25b582551e5e60c759b5f0a0b18e6725fb8a2d7019fadd15767974e9c5883d
XRDV3_0095,XERUS 1.1b native database workflow,1.0,2.0,SiC,F-43m,216.0,OQMD,5569981,0.20384,6.6167735728219,30.129851216101088,ok; score_is_Rwp_percent,fig4/benchmark/results/atomly_core_v3/xerus_native_pilot_v2/selected_cifs/XRDV3_0095/rank2_OQMD_5569981.cif,ede5efb80b35c9c635d047103fb0f9bca56cf88563092ffce1f674875747e1cc
XRDV3_0095,XERUS 1.1b native database workflow,1.0,3.0,SiC,P6_3mc,186.0,COD,9011661,0.09748,6.6167735728219,30.129851216101088,ok; score_is_Rwp_percent,fig4/benchmark/results/atomly_core_v3/xerus_native_pilot_v2/selected_cifs/XRDV3_0095/rank3_COD_9011661.cif,a9b96c6035bfda4e9b56d196ca49290ccf5ad922f0ac6fbc4ae85cc280e0c0cd
XRDV3_0096,XERUS 1.1b native database workflow,1.0,1.0,Ba,Fm-3m,225.0,OQMD,5568325,0.52546,21.894520645686807,93.73175407294184,ok; score_is_Rwp_percent,fig4/benchmark/results/atomly_core_v3/xerus_native_pilot_v2/selected_cifs/XRDV3_0096/rank1_OQMD_5568325.cif,835c79e78361a407d02e64422abd7b7cd904e895b9755089d7122942557ffd15
XRDV3_0096,XERUS 1.1b native database workflow,1.0,2.0,Ba,R-3m,166.0,OQMD,5567244,0.01116,21.894520645686807,93.73175407294184,ok; score_is_Rwp_percent,fig4/benchmark/results/atomly_core_v3/xerus_native_pilot_v2/selected_cifs/XRDV3_0096/rank2_OQMD_5567244.cif,9fd2a89a0a3db81c863433d1c1665195daa01bf89c28eb4d1fb89469abec7f89
XRDV3_0096,XERUS 1.1b native database workflow,1.0,3.0,F2,C2/m,12.0,COD,9012471,0.46338,21.894520645686807,93.73175407294184,ok; score_is_Rwp_percent,fig4/benchmark/results/atomly_core_v3/xerus_native_pilot_v2/selected_cifs/XRDV3_0096/rank3_COD_9012471.cif,37a3ee9e4f4df9081c13f23f0013e7b8c92cc988a093027da5324672a7679b16
XRDV3_0097,XERUS 1.1b native database workflow,1.0,1.0,ZrC,Fm-3m,225.0,COD,1562921,0.66429,14.48008518175618,54.749617038993165,ok; score_is_Rwp_percent,fig4/benchmark/results/atomly_core_v3/xerus_native_pilot_v2/selected_cifs/XRDV3_0097/rank1_COD_1562921.cif,68795c9de0f66d230e3e1a9de95aa12163c78253ca1307b233f3e2ecadf4ca33
XRDV3_0097,XERUS 1.1b native database workflow,1.0,2.0,WC,P-6m2,187.0,MP,mp-1894,0.20231,14.48008518175618,54.749617038993165,ok; score_is_Rwp_percent,fig4/benchmark/results/atomly_core_v3/xerus_native_pilot_v2/selected_cifs/XRDV3_0097/rank2_MP_mp-1894.cif,85fdc3415ee141aaa55a0bad0be04764efb986f69700b8caad62a4d265a458a2
XRDV3_0097,XERUS 1.1b native database workflow,1.0,3.0,SiC,F-43m,216.0,OQMD,5569981,0.1334,14.48008518175618,54.749617038993165,ok; score_is_Rwp_percent,fig4/benchmark/results/atomly_core_v3/xerus_native_pilot_v2/selected_cifs/XRDV3_0097/rank3_OQMD_5569981.cif,ede5efb80b35c9c635d047103fb0f9bca56cf88563092ffce1f674875747e1cc
XRDV3_0098,XERUS 1.1b native database workflow,1.0,1.0,AgCl,Fm-3m,225.0,OQMD,5492459,0.5345053450534506,9.920211366057131,36.64061186299659,ok; score_is_Rwp_percent,fig4/benchmark/results/atomly_core_v3/xerus_native_pilot_v2/selected_cifs/XRDV3_0098/rank1_OQMD_5492459.cif,2fddfb55180159f1611dd2b7bf8b8bff4819acc51d45af55fefd36a974a8edc8
XRDV3_0098,XERUS 1.1b native database workflow,1.0,2.0,AgBr,P2_1/m,11.0,MP,mp-570301,0.2107621076210762,9.920211366057131,36.64061186299659,ok; score_is_Rwp_percent,fig4/benchmark/results/atomly_core_v3/xerus_native_pilot_v2/selected_cifs/XRDV3_0098/rank2_MP_mp-570301.cif,a15eefa72d092f9b74731733f3667a2ec437da53062e743d5b4557003aec32b8
XRDV3_0098,XERUS 1.1b native database workflow,1.0,3.0,KCl,Fm-3m,225.0,COD,9003128,0.2547325473254733,9.920211366057131,36.64061186299659,ok; score_is_Rwp_percent,fig4/benchmark/results/atomly_core_v3/xerus_native_pilot_v2/selected_cifs/XRDV3_0098/rank3_COD_9003128.cif,ae0dc96d7af4d451b41a419c826242abf7cfc8ca94217292912aaa086f7775db
XRDV3_0099,XERUS 1.1b native database workflow,1.0,1.0,SiO2,P3_221,154.0,COD,7103014,0.87313,77.97840943764545,285.6046967989532,ok; score_is_Rwp_percent,fig4/benchmark/results/atomly_core_v3/xerus_native_pilot_v2/selected_cifs/XRDV3_0099/rank1_COD_7103014.cif,a66d940d482bdd35551b4604e3245dff94f814e2aa8ac2b61270419539b810d5
XRDV3_0099,XERUS 1.1b native database workflow,1.0,2.0,SiO2,P3_121,152.0,COD,1526860,0.12687,77.97840943764545,285.6046967989532,ok; score_is_Rwp_percent,fig4/benchmark/results/atomly_core_v3/xerus_native_pilot_v2/selected_cifs/XRDV3_0099/rank2_COD_1526860.cif,082d534a9dacc5876bdd4de72045f2661b7860fe97261fdeeb07a8413cb88ad5
XRDV3_0100,XERUS 1.1b native database workflow,1.0,1.0,BaCO3,Pnma,62.0,COD,9010933,0.28006,21.06842355800382,126.91903121804351,ok; score_is_Rwp_percent,fig4/benchmark/results/atomly_core_v3/xerus_native_pilot_v2/selected_cifs/XRDV3_0100/rank1_COD_9010933.cif,99336dadf50b32e9b918aa2b5e4411a6ee0a6861d8058dc0e951d5a64baa03bc
XRDV3_0100,XERUS 1.1b native database workflow,1.0,2.0,MgCO3,R-3c,167.0,COD,9000975,0.54226,21.06842355800382,126.91903121804351,ok; score_is_Rwp_percent,fig4/benchmark/results/atomly_core_v3/xerus_native_pilot_v2/selected_cifs/XRDV3_0100/rank2_COD_9000975.cif,c46c5b13e854ca8ff59d91d638b1a2fee4300c2b88d47b1053e2499f84073e6b
XRDV3_0100,XERUS 1.1b native database workflow,1.0,3.0,CaCO3,C2,5.0,MP,mp-561412,0.17768,21.06842355800382,126.91903121804351,ok; score_is_Rwp_percent,fig4/benchmark/results/atomly_core_v3/xerus_native_pilot_v2/selected_cifs/XRDV3_0100/rank3_MP_mp-561412.cif,13c128002c69a37403da6173229c22169f1fa3d3eae03649fa27aa4aac935e50
XRDV3_0006,XERUS 1.1b native database workflow,1.0,1.0,Si,Fd-3m,227.0,OQMD,4062615,0.91667,9.077149720063128,20.80611509107985,ok; score_is_Rwp_percent,fig4/benchmark/results/atomly_core_v3/xerus_native_pilot_v2/selected_cifs/XRDV3_0006/rank1_OQMD_4062615.cif,1f72d72d54c7dd05a001211228302d25741c6a9bdc83e696f5f23c8923e8e3f9
XRDV3_0006,XERUS 1.1b native database workflow,1.0,2.0,SiC,P6_3mc,186.0,COD,1011053,0.01561,9.077149720063128,20.80611509107985,ok; score_is_Rwp_percent,fig4/benchmark/results/atomly_core_v3/xerus_native_pilot_v2/selected_cifs/XRDV3_0006/rank2_COD_1011053.cif,19daaf99cb9617aee2c6f868d965650fde05ae32431d541acfa78de84dc8b148
XRDV3_0006,XERUS 1.1b native database workflow,1.0,3.0,SiC,F-43m,216.0,OQMD,5569981,0.06772,9.077149720063128,20.80611509107985,ok; score_is_Rwp_percent,fig4/benchmark/results/atomly_core_v3/xerus_native_pilot_v2/selected_cifs/XRDV3_0006/rank3_OQMD_5569981.cif,ede5efb80b35c9c635d047103fb0f9bca56cf88563092ffce1f674875747e1cc
XRDV3_0077,XERUS 1.1b native database workflow,1.0,1.0,WC,P-6m2,187.0,OQMD,5574050,0.87052,9.255810412462369,39.97898716805503,ok; score_is_Rwp_percent,fig4/benchmark/results/atomly_core_v3/xerus_native_pilot_v2/selected_cifs/XRDV3_0077/rank1_OQMD_5574050.cif,0d0303db2f15554ff4b68dc19fe272213173c4ab3f9bfbd156d39fbae77a5368
XRDV3_0077,XERUS 1.1b native database workflow,1.0,2.0,SiC,R3m,160.0,MP,mp-1200168,0.12948,9.255810412462369,39.97898716805503,ok; score_is_Rwp_percent,fig4/benchmark/results/atomly_core_v3/xerus_native_pilot_v2/selected_cifs/XRDV3_0077/rank2_MP_mp-1200168.cif,9f8805f263a6fa29633d4b073f9c655f04b0586f369e0dadaade4b2adb4a4430
XRDV3_0007,XERUS 1.1b native database workflow,1.0,1.0,MgAl2O4,Fd-3m,227.0,COD,9002123,0.962190378096219,12.448319439141425,71.6812441139482,ok; score_is_Rwp_percent,fig4/benchmark/results/atomly_core_v3/xerus_native_pilot_v2/selected_cifs/XRDV3_0007/rank1_COD_9002123.cif,066b8be3d69ebc36af66b5670eee29e0b0d6a15705f618440628c688970d3ce0
XRDV3_0007,XERUS 1.1b native database workflow,1.0,2.0,AlZn5,P-62m,189.0,OQMD,6394741,0.003909960900390996,12.448319439141425,71.6812441139482,ok; score_is_Rwp_percent,fig4/benchmark/results/atomly_core_v3/xerus_native_pilot_v2/selected_cifs/XRDV3_0007/rank2_OQMD_6394741.cif,3b7d4dd603b4390b141e883bfbbddb87839d49fd961d2a102510d337892a3357
XRDV3_0007,XERUS 1.1b native database workflow,1.0,3.0,Al2O3,Pna2_1,33.0,COD,1000442,0.033899661003389966,12.448319439141425,71.6812441139482,ok; score_is_Rwp_percent,fig4/benchmark/results/atomly_core_v3/xerus_native_pilot_v2/selected_cifs/XRDV3_0007/rank3_COD_1000442.cif,574ed3664e72b08ac8624d3b52e60fa286d16a95143274d43594efb8f884ca98
XRDV3_0011,XERUS 1.1b native database workflow,1.0,1.0,Si3N4,P31c,159.0,COD,1001242,0.88552,30.709151925448786,18.784133436973207,ok; score_is_Rwp_percent,fig4/benchmark/results/atomly_core_v3/xerus_native_pilot_v2/selected_cifs/XRDV3_0011/rank1_COD_1001242.cif,a337680c19c448d13d59b2451fb9518b14e1e18676f2e9ea7a527dbb4fa66e41
XRDV3_0011,XERUS 1.1b native database workflow,1.0,2.0,Si,Pnma,62.0,OQMD,6166106,0.0907,30.709151925448786,18.784133436973207,ok; score_is_Rwp_percent,fig4/benchmark/results/atomly_core_v3/xerus_native_pilot_v2/selected_cifs/XRDV3_0011/rank2_OQMD_6166106.cif,e3a248fa2df3508e2d6a7ff376fc9e86b7d96f24f72109d9a4be5afcd7d5722c
XRDV3_0011,XERUS 1.1b native database workflow,1.0,3.0,N2,P4_2/mnm,136.0,COD,9012475,0.02378,30.709151925448786,18.784133436973207,ok; score_is_Rwp_percent,fig4/benchmark/results/atomly_core_v3/xerus_native_pilot_v2/selected_cifs/XRDV3_0011/rank3_COD_9012475.cif,99c744c08c7dd216315e344fa135753f51fe7dc1b1987f4df83ec183a579076f
XRDV3_0019,XERUS 1.1b native database workflow,1.0,1.0,AlN,P6_3mc,186.0,MP,mp-661,0.78332,19.26351505920696,28.73446437099483,ok; score_is_Rwp_percent,fig4/benchmark/results/atomly_core_v3/xerus_native_pilot_v2/selected_cifs/XRDV3_0019/rank1_MP_mp-661.cif,73bad94b33a29f4e3f4623b1efd3207409418bfd07c6f368a993ed1af6a09e9c
XRDV3_0019,XERUS 1.1b native database workflow,1.0,2.0,Si3N4,P31c,159.0,COD,1001243,0.21164,19.26351505920696,28.73446437099483,ok; score_is_Rwp_percent,fig4/benchmark/results/atomly_core_v3/xerus_native_pilot_v2/selected_cifs/XRDV3_0019/rank2_COD_1001243.cif,3a5c670fa2e0720649555b70a5b870a456e644cc7bda17b7a23c9a776e704146
XRDV3_0019,XERUS 1.1b native database workflow,1.0,3.0,Al,I4/mmm,139.0,OQMD,5860683,0.00504,19.26351505920696,28.73446437099483,ok; score_is_Rwp_percent,fig4/benchmark/results/atomly_core_v3/xerus_native_pilot_v2/selected_cifs/XRDV3_0019/rank3_OQMD_5860683.cif,5ea0c6b0cabdf75e0380e5662f1ef3f70c38b1ae498070e32db5f50a6a5606c9
XRDV3_0021,XERUS 1.1b native database workflow,1.0,1.0,Ti,P6_3/mmc,194.0,MP,mp-46,0.95328,3.482274163818533,11.73077937704511,ok; score_is_Rwp_percent,fig4/benchmark/results/atomly_core_v3/xerus_native_pilot_v2/selected_cifs/XRDV3_0021/rank1_MP_mp-46.cif,cc19087de08e0e297c6515089d74dc4a54f7a485c71179880e3980c0cd483146
XRDV3_0021,XERUS 1.1b native database workflow,1.0,2.0,Ti,Ibam,72.0,OQMD,6229609,0.00148,3.482274163818533,11.73077937704511,ok; score_is_Rwp_percent,fig4/benchmark/results/atomly_core_v3/xerus_native_pilot_v2/selected_cifs/XRDV3_0021/rank2_OQMD_6229609.cif,783f9369617dadf9205e3b534a10d9056bfc503b22349eea7403d14ecede3c14
XRDV3_0021,XERUS 1.1b native database workflow,1.0,3.0,Ti6N5,C2/m,12.0,OQMD,6358339,0.04524,3.482274163818533,11.73077937704511,ok; score_is_Rwp_percent,fig4/benchmark/results/atomly_core_v3/xerus_native_pilot_v2/selected_cifs/XRDV3_0021/rank3_OQMD_6358339.cif,6b917618174ee560453a8074122b4f9fb71a2816b3638a8b4352ded1ba9a450b
XRDV3_0024,XERUS 1.1b native database workflow,1.0,1.0,Na,Im-3m,229.0,MP,mp-127,0.6588134118658813,24.16032209471048,43.93487777595874,ok; score_is_Rwp_percent,fig4/benchmark/results/atomly_core_v3/xerus_native_pilot_v2/selected_cifs/XRDV3_0024/rank1_MP_mp-127.cif,5f2e0845ad1115d06135f6e486fecc36ec437dba3a54aeae4c06859701c724b9
XRDV3_0024,XERUS 1.1b native database workflow,1.0,2.0,KCl,Fm-3m,225.0,COD,9003128,0.3298367016329837,24.16032209471048,43.93487777595874,ok; score_is_Rwp_percent,fig4/benchmark/results/atomly_core_v3/xerus_native_pilot_v2/selected_cifs/XRDV3_0024/rank2_COD_9003128.cif,ae0dc96d7af4d451b41a419c826242abf7cfc8ca94217292912aaa086f7775db
XRDV3_0024,XERUS 1.1b native database workflow,1.0,3.0,Cs,P6_3/mmc,194.0,OQMD,4815039,0.01134988650113499,24.16032209471048,43.93487777595874,ok; score_is_Rwp_percent,fig4/benchmark/results/atomly_core_v3/xerus_native_pilot_v2/selected_cifs/XRDV3_0024/rank3_OQMD_4815039.cif,055b98c29656eb83ed56f815908b905f4548c91d10d7b97abe5040e5093519e0
XRDV3_0026,XERUS 1.1b native database workflow,1.0,1.0,AlNi,Pm-3m,221.0,OQMD,4790088,0.65802,5.8379127264626325,15.041384991956875,ok; score_is_Rwp_percent,fig4/benchmark/results/atomly_core_v3/xerus_native_pilot_v2/selected_cifs/XRDV3_0026/rank1_OQMD_4790088.cif,987a807bbc89941dd56ef3422cbd34294f09d8e65b747729b03385df8abcfc4d
XRDV3_0026,XERUS 1.1b native database workflow,1.0,2.0,Ni,Fm-3m,225.0,COD,2100643,0.34198,5.8379127264626325,15.041384991956875,ok; score_is_Rwp_percent,fig4/benchmark/results/atomly_core_v3/xerus_native_pilot_v2/selected_cifs/XRDV3_0026/rank2_COD_2100643.cif,9651cbfccf4eb8d6eb9ea00db77d0740af18ab1490c9cb859f48134240f93f22
XRDV3_0028,XERUS 1.1b native database workflow,1.0,1.0,TiB2,P6/mmm,191.0,OQMD,4810308,0.964630353696463,8.374307444849235,21.25685801007785,ok; score_is_Rwp_percent,fig4/benchmark/results/atomly_core_v3/xerus_native_pilot_v2/selected_cifs/XRDV3_0028/rank1_OQMD_4810308.cif,49dce39e856cf055c940852c214973c74b8e67352e10401882a4c489fc214c3a
XRDV3_0028,XERUS 1.1b native database workflow,1.0,2.0,Mg,R-3m,166.0,OQMD,5568444,0.0014899851001489983,8.374307444849235,21.25685801007785,ok; score_is_Rwp_percent,fig4/benchmark/results/atomly_core_v3/xerus_native_pilot_v2/selected_cifs/XRDV3_0028/rank2_OQMD_5568444.cif,6aa431e2331c304c507c2ed3cd771a3ea6077b322904a8432f70e9adb006bb47
XRDV3_0028,XERUS 1.1b native database workflow,1.0,3.0,MgB2,P6/mmm,191.0,MP,mp-763,0.033879661203387965,8.374307444849235,21.25685801007785,ok; score_is_Rwp_percent,fig4/benchmark/results/atomly_core_v3/xerus_native_pilot_v2/selected_cifs/XRDV3_0028/rank3_MP_mp-763.cif,f37cad644835a9c7a83ec64fee292b2e0820fac409c3535a5b7a7e3d913bccae
XRDV3_0029,XERUS 1.1b native database workflow,1.0,1.0,CaTiO3,Pnma,62.0,COD,9006175,0.77821,34.75001115042982,67.70228097704239,ok; score_is_Rwp_percent,fig4/benchmark/results/atomly_core_v3/xerus_native_pilot_v2/selected_cifs/XRDV3_0029/rank1_COD_9006175.cif,ae1617640959e7e049797c20ae57c70cd57e5cc43b145f12a4751c4038f5f8c5
XRDV3_0029,XERUS 1.1b native database workflow,1.0,2.0,Sr4Ti3O10,I4/mmm,139.0,OQMD,4785744,0.16555,34.75001115042982,67.70228097704239,ok; score_is_Rwp_percent,fig4/benchmark/results/atomly_core_v3/xerus_native_pilot_v2/selected_cifs/XRDV3_0029/rank2_OQMD_4785744.cif,ab41c02bd82a21eb6449d9ecbaf54f362d0b9642f4ff207a7886fdbcee08789c
XRDV3_0029,XERUS 1.1b native database workflow,1.0,3.0,Ti,P6/mmm,191.0,OQMD,4813035,0.05624,34.75001115042982,67.70228097704239,ok; score_is_Rwp_percent,fig4/benchmark/results/atomly_core_v3/xerus_native_pilot_v2/selected_cifs/XRDV3_0029/rank3_OQMD_4813035.cif,6a517d19f05a1dd867948387d2e00cc516061e1a39f821b4eb58756b41814d4c
XRDV3_0031,XERUS 1.1b native database workflow,1.0,1.0,ZnSe,F-43m,216.0,OQMD,5572431,0.73313,9.24071292284829,44.66968599194661,ok; score_is_Rwp_percent,fig4/benchmark/results/atomly_core_v3/xerus_native_pilot_v2/selected_cifs/XRDV3_0031/rank1_OQMD_5572431.cif,b4589135c9f5c746f32ac2ffd908c4ed62ff052e550674cb995e5da0863563e6
XRDV3_0031,XERUS 1.1b native database workflow,1.0,2.0,Al,Im-3m,229.0,COD,9017775,0.26517,9.24071292284829,44.66968599194661,ok; score_is_Rwp_percent,fig4/benchmark/results/atomly_core_v3/xerus_native_pilot_v2/selected_cifs/XRDV3_0031/rank2_COD_9017775.cif,a1d0453a80243b9f40dc52e20018f80c3bd39ed9c1aec286dda6b879a7ca7e70
XRDV3_0031,XERUS 1.1b native database workflow,1.0,3.0,AlZn,R-3m,166.0,OQMD,4498899,0.0017,9.24071292284829,44.66968599194661,ok; score_is_Rwp_percent,fig4/benchmark/results/atomly_core_v3/xerus_native_pilot_v2/selected_cifs/XRDV3_0031/rank3_OQMD_4498899.cif,8ff210ed88f11ca1592dc5fa79f4585abfdf23e9820b1f632230d4255a705e3d
XRDV3_0036,XERUS 1.1b native database workflow,1.0,1.0,Si,Pnma,62.0,OQMD,6166106,0.75517,6.995035985985032,16.61469148902688,ok; score_is_Rwp_percent,fig4/benchmark/results/atomly_core_v3/xerus_native_pilot_v2/selected_cifs/XRDV3_0036/rank1_OQMD_6166106.cif,e3a248fa2df3508e2d6a7ff376fc9e86b7d96f24f72109d9a4be5afcd7d5722c
XRDV3_0036,XERUS 1.1b native database workflow,1.0,2.0,Si3N4,P6_3/m,176.0,COD,1001249,0.18186,6.995035985985032,16.61469148902688,ok; score_is_Rwp_percent,fig4/benchmark/results/atomly_core_v3/xerus_native_pilot_v2/selected_cifs/XRDV3_0036/rank2_COD_1001249.cif,215b237bee475e189d02176bbcc4cde056d1820a1be6e871c411c08b5ecf29d3
XRDV3_0036,XERUS 1.1b native database workflow,1.0,3.0,N2,Pm-3n,223.0,COD,9011218,0.06297,6.995035985985032,16.61469148902688,ok; score_is_Rwp_percent,fig4/benchmark/results/atomly_core_v3/xerus_native_pilot_v2/selected_cifs/XRDV3_0036/rank3_COD_9011218.cif,2d4424daba0d4cac329405341d2221a091404e917f3c4d04f5959a7ceaf9913b
XRDV3_0043,XERUS 1.1b native database workflow,1.0,1.0,KCl,Fm-3m,225.0,COD,9003128,0.5554,26.069610900122424,19.82564095396083,ok; score_is_Rwp_percent,fig4/benchmark/results/atomly_core_v3/xerus_native_pilot_v2/selected_cifs/XRDV3_0043/rank1_COD_9003128.cif,ae0dc96d7af4d451b41a419c826242abf7cfc8ca94217292912aaa086f7775db
XRDV3_0043,XERUS 1.1b native database workflow,1.0,2.0,KCl,Pm-3m,221.0,MP,mp-23289,0.43377,26.069610900122424,19.82564095396083,ok; score_is_Rwp_percent,fig4/benchmark/results/atomly_core_v3/xerus_native_pilot_v2/selected_cifs/XRDV3_0043/rank2_MP_mp-23289.cif,8bb0f0f0558fc0770992e9e7d46b3869e6a6ef7bd0feba6fef3176c21d2e869e
XRDV3_0043,XERUS 1.1b native database workflow,1.0,3.0,KF3,R-3m,166.0,OQMD,5855175,0.01083,26.069610900122424,19.82564095396083,ok; score_is_Rwp_percent,fig4/benchmark/results/atomly_core_v3/xerus_native_pilot_v2/selected_cifs/XRDV3_0043/rank3_OQMD_5855175.cif,dde2d75e06fc8edb300b24d54a2e93e477d530481d61c3e62d512f71709a94ba
XRDV3_0047,XERUS 1.1b native database workflow,1.0,1.0,Fe,Im-3m,229.0,COD,9000663,0.7592075920759207,9.283676220973353,17.293006355990656,ok; score_is_Rwp_percent,fig4/benchmark/results/atomly_core_v3/xerus_native_pilot_v2/selected_cifs/XRDV3_0047/rank1_COD_9000663.cif,8e626ca3188f63875a80270ec385d554e47c83d8e509e96b69a66868c1a28763
XRDV3_0047,XERUS 1.1b native database workflow,1.0,2.0,AlFe5,Cmmm,65.0,OQMD,6391307,0.04523045230452304,9.283676220973353,17.293006355990656,ok; score_is_Rwp_percent,fig4/benchmark/results/atomly_core_v3/xerus_native_pilot_v2/selected_cifs/XRDV3_0047/rank2_OQMD_6391307.cif,0b24e088e529744bd0dac7fa795e295d7be64490dfea49c8f6230773730e159f
XRDV3_0047,XERUS 1.1b native database workflow,1.0,3.0,AlFe,Pmma,51.0,OQMD,5568694,0.1955619556195562,9.283676220973353,17.293006355990656,ok; score_is_Rwp_percent,fig4/benchmark/results/atomly_core_v3/xerus_native_pilot_v2/selected_cifs/XRDV3_0047/rank3_OQMD_5568694.cif,bd7c776e0a03faef2a928a0d928e01f600222e5ac6b85fefebc83b54ac613840
XRDV3_0058,XERUS 1.1b native database workflow,1.0,1.0,CaSi2,P-3m1,164.0,OQMD,4790244,0.61809,49.00624456185014,359.8593234240543,ok; score_is_Rwp_percent,fig4/benchmark/results/atomly_core_v3/xerus_native_pilot_v2/selected_cifs/XRDV3_0058/rank1_OQMD_4790244.cif,9f1b43ed6c27ab77edc4b84c2d6e8fce4a106eb9567dfef81f2ed97f0a2560d6
XRDV3_0058,XERUS 1.1b native database workflow,1.0,2.0,Ca2SiO4,P2_1/c,14.0,COD,2310924,0.28123,49.00624456185014,359.8593234240543,ok; score_is_Rwp_percent,fig4/benchmark/results/atomly_core_v3/xerus_native_pilot_v2/selected_cifs/XRDV3_0058/rank2_COD_2310924.cif,ac6789caab6e33d6bbfb1721c99df5255b07dc25d94d10de347e63cf0f47ef39
XRDV3_0058,XERUS 1.1b native database workflow,1.0,3.0,SiO2,P3_221,154.0,COD,9010145,0.10068,49.00624456185014,359.8593234240543,ok; score_is_Rwp_percent,fig4/benchmark/results/atomly_core_v3/xerus_native_pilot_v2/selected_cifs/XRDV3_0058/rank3_COD_9010145.cif,c5ae7bc599921948e530fa09c3ba91fcdf8f1aa09488a32c419f63fbd203689d
XRDV3_0061,XERUS 1.1b native database workflow,1.0,1.0,MgO,Fm-3m,225.0,COD,9000496,0.4452,9.980921653765023,35.352353243972175,ok; score_is_Rwp_percent,fig4/benchmark/results/atomly_core_v3/xerus_native_pilot_v2/selected_cifs/XRDV3_0061/rank1_COD_9000496.cif,592c8f62b848cbc1fa206d3b10c91f67bdf11ee71724a0465ed9dbbdb2ade48a
XRDV3_0061,XERUS 1.1b native database workflow,1.0,2.0,Al2O3,R-3c,167.0,MP,mp-1143,0.42359,9.980921653765023,35.352353243972175,ok; score_is_Rwp_percent,fig4/benchmark/results/atomly_core_v3/xerus_native_pilot_v2/selected_cifs/XRDV3_0061/rank2_MP_mp-1143.cif,4d5ffcb1f65c8f22e6763a0149c601307cdfd95efaae988cab4fc0b94bf1c782
XRDV3_0061,XERUS 1.1b native database workflow,1.0,3.0,MgAl2O4,Fd-3m,227.0,COD,9002056,0.13121,9.980921653765023,35.352353243972175,ok; score_is_Rwp_percent,fig4/benchmark/results/atomly_core_v3/xerus_native_pilot_v2/selected_cifs/XRDV3_0061/rank3_COD_9002056.cif,495da4379fcc1bcf8f986950732515fd08629e89cae8a734889ceff324f82611
XRDV3_0064,XERUS 1.1b native database workflow,1.0,1.0,Mg,Cmcm,63.0,OQMD,5114949,0.01967,8.842827180932685,62.66906060592737,ok; score_is_Rwp_percent,fig4/benchmark/results/atomly_core_v3/xerus_native_pilot_v2/selected_cifs/XRDV3_0064/rank1_OQMD_5114949.cif,1877ee615b9b14bfc8b8468b3af12217d79fcf9fa8a959ce6d5e5db9b2fed5c0
XRDV3_0064,XERUS 1.1b native database workflow,1.0,2.0,Mg,P6_3/mmc,194.0,OQMD,6217373,0.88962,8.842827180932685,62.66906060592737,ok; score_is_Rwp_percent,fig4/benchmark/results/atomly_core_v3/xerus_native_pilot_v2/selected_cifs/XRDV3_0064/rank2_OQMD_6217373.cif,5cc062a7a5a97dcade79dde4e4cec850638f19e9be872345aee4e882065f9bfe
XRDV3_0064,XERUS 1.1b native database workflow,1.0,3.0,MgB2,P6/mmm,191.0,COD,1526507,0.09071,8.842827180932685,62.66906060592737,ok; score_is_Rwp_percent,fig4/benchmark/results/atomly_core_v3/xerus_native_pilot_v2/selected_cifs/XRDV3_0064/rank3_COD_1526507.cif,a4a83b52ed6da46812b8fdb074a60726bdb22601944cacd0143f8f5c7fa68e15
XRDV3_0068,XERUS 1.1b native database workflow,1.0,1.0,ZnS,F-43m,216.0,OQMD,5572371,0.58463,7.83611732633511,79.59365837706719,ok; score_is_Rwp_percent,fig4/benchmark/results/atomly_core_v3/xerus_native_pilot_v2/selected_cifs/XRDV3_0068/rank1_OQMD_5572371.cif,0a51a8c009f09c8e440f9c40518c9b8aca907dabba471456d9a07fb7edc68cdf
XRDV3_0068,XERUS 1.1b native database workflow,1.0,2.0,ZnS,P3m1,156.0,MP,mp-581425,0.04541,7.83611732633511,79.59365837706719,ok; score_is_Rwp_percent,fig4/benchmark/results/atomly_core_v3/xerus_native_pilot_v2/selected_cifs/XRDV3_0068/rank2_MP_mp-581425.cif,1b8c3d9a583512a0b60adedee825c0e7a6f97367471b0ddd848ada06c2b1e549
XRDV3_0068,XERUS 1.1b native database workflow,1.0,3.0,ZnSe,F-43m,216.0,OQMD,6154523,0.36996,7.83611732633511,79.59365837706719,ok; score_is_Rwp_percent,fig4/benchmark/results/atomly_core_v3/xerus_native_pilot_v2/selected_cifs/XRDV3_0068/rank3_OQMD_6154523.cif,f4b8279a89ef28e6cf19c50f56e2b643dfa8bc7ec4264cc58491ba13cdbb44b5
XRDV3_0072,XERUS 1.1b native database workflow,1.0,1.0,Fe3O4,Pmma,51.0,MP,mp-510252,0.0,7.901100075295201,37.25282703200355,ok; score_is_Rwp_percent,fig4/benchmark/results/atomly_core_v3/xerus_native_pilot_v2/selected_cifs/XRDV3_0072/rank1_MP_mp-510252.cif,9e25268ec2bc4a125f100a9d27485806daf37f80adbf518de2201015642a4263
XRDV3_0072,XERUS 1.1b native database workflow,1.0,2.0,Fe,Im-3m,229.0,COD,9000663,0.0,7.901100075295201,37.25282703200355,ok; score_is_Rwp_percent,fig4/benchmark/results/atomly_core_v3/xerus_native_pilot_v2/selected_cifs/XRDV3_0072/rank2_COD_9000663.cif,8e626ca3188f63875a80270ec385d554e47c83d8e509e96b69a66868c1a28763
XRDV3_0072,XERUS 1.1b native database workflow,1.0,3.0,Fe3O4,I4_1/amd,141.0,OQMD,5787608,1.0,7.901100075295201,37.25282703200355,ok; score_is_Rwp_percent,fig4/benchmark/results/atomly_core_v3/xerus_native_pilot_v2/selected_cifs/XRDV3_0072/rank3_OQMD_5787608.cif,455250c84f8781eaff85cd9546318892fb4cea4329507fbadeb7da3d7cca5049
XRDV3_0076,XERUS 1.1b native database workflow,1.0,1.0,GaAs,F-43m,216.0,OQMD,6396380,0.6374763747637476,7.199701867383217,15.633037912892178,ok; score_is_Rwp_percent,fig4/benchmark/results/atomly_core_v3/xerus_native_pilot_v2/selected_cifs/XRDV3_0076/rank1_OQMD_6396380.cif,68a050089b7aee620461ee93656790984171a6965d97863bf0f34602004f2c86
XRDV3_0076,XERUS 1.1b native database workflow,1.0,2.0,TiN,Fm-3m,225.0,COD,1101045,0.30895308953089534,7.199701867383217,15.633037912892178,ok; score_is_Rwp_percent,fig4/benchmark/results/atomly_core_v3/xerus_native_pilot_v2/selected_cifs/XRDV3_0076/rank2_COD_1101045.cif,f96ac097ad57a5ff6f8558b1368bfbade3e86e519a9f5ae713182a6cff0c354b
XRDV3_0076,XERUS 1.1b native database workflow,1.0,3.0,GaN,P6_3mc,186.0,COD,7234259,0.05357053570535706,7.199701867383217,15.633037912892178,ok; score_is_Rwp_percent,fig4/benchmark/results/atomly_core_v3/xerus_native_pilot_v2/selected_cifs/XRDV3_0076/rank3_COD_7234259.cif,4cbab5945f551d127772488c00cc9781322d700c199da32d27215b7f41221ea4
XRDV3_0087,XERUS 1.1b native database workflow,1.0,1.0,AlNi,Pmma,51.0,OQMD,5568716,0.38857,4.127026257151679,13.73310350603424,ok; score_is_Rwp_percent,fig4/benchmark/results/atomly_core_v3/xerus_native_pilot_v2/selected_cifs/XRDV3_0087/rank1_OQMD_5568716.cif,3323ee5f7235851da1a76d37f3e06cde0157a3004ddf28c5135831cd6cce716e
XRDV3_0087,XERUS 1.1b native database workflow,1.0,2.0,AlNi,P4/mmm,123.0,OQMD,5860185,0.04426,4.127026257151679,13.73310350603424,ok; score_is_Rwp_percent,fig4/benchmark/results/atomly_core_v3/xerus_native_pilot_v2/selected_cifs/XRDV3_0087/rank2_OQMD_5860185.cif,d2563807ca72e9042edb152395bc70ffdaf2debc9586787096ccf2da41417470
XRDV3_0087,XERUS 1.1b native database workflow,1.0,3.0,Al,I4/mmm,139.0,OQMD,5568237,0.56717,4.127026257151679,13.73310350603424,ok; score_is_Rwp_percent,fig4/benchmark/results/atomly_core_v3/xerus_native_pilot_v2/selected_cifs/XRDV3_0087/rank3_OQMD_5568237.cif,7444fcd10ea8c701a699e19debe6693878bed89605c516561a31aec9310fca3e
